URL,Indexing coverage,IBM Notes
https://www.parcelmanagement.com/1xbat-app-security-guide-for-us-players,Not found (404),Spam URL - Need to set this to 410 and request for removal via GSC
https://www.parcelmanagement.com/boomsbet-nederland-bonusgids-welkomstbonus-gratis-spins-en-promoties-uitgelegd/,Not found (404),Spam URL - Need to set this to 410 and request for removal via GSC
https://www.parcelmanagement.com/boomsbet-promocode-bonusgids-claim-je-welkomstbonus-en-ontdek-extra-promoties/,Alternate page with proper canonical tag,Spam URL - Need to set this to 410 and request for removal via GSC
https://www.parcelmanagement.com/boomsbet-promotiecode-volledige-review-en-overzicht,Not found (404),Spam URL - Need to set this to 410 and request for removal via GSC
https://www.parcelmanagement.com/hoe-inloggen-boomsbet-wat-je-moet-weten,Not found (404),Spam URL - Need to set this to 410 and request for removal via GSC
https://www.parcelmanagement.com/lorem-ipsum-dolor-sit-amet/,Alternate page with proper canonical tag,Spam URL - Need to set this to 410 and request for removal via GSC
https://www.parcelmanagement.com/welkomstbonus-boomsbet-app-en-mobiel-gids/,Not found (404),Spam URL - Need to set this to 410 and request for removal via GSC
https://www.parcelmanagement.com/cate--88,Not found (404),Spam URL - Need to set this to 410 and request for removal via GSC
https://www.parcelmanagement.com/cate-104-107,Not found (404),Spam URL - Need to set this to 410 and request for removal via GSC
https://www.parcelmanagement.com/cate-104-112,Not found (404),Spam URL - Need to set this to 410 and request for removal via GSC
https://www.parcelmanagement.com/cate-104-146,Indexed pages,Spam URL - Need to set this to 410 and request for removal via GSC
https://www.parcelmanagement.com/cate-105,Not found (404),Spam URL - Need to set this to 410 and request for removal via GSC
https://www.parcelmanagement.com/cate-105-113,Server error (5xx),Spam URL - Need to set this to 410 and request for removal via GSC
https://www.parcelmanagement.com/cate-108,Not found (404),Spam URL - Need to set this to 410 and request for removal via GSC
https://www.parcelmanagement.com/cate-108-116,Not found (404),Spam URL - Need to set this to 410 and request for removal via GSC
https://www.parcelmanagement.com/cate-110-112,Server error (5xx),Spam URL - Need to set this to 410 and request for removal via GSC
https://www.parcelmanagement.com/cate-115,Not found (404),Spam URL - Need to set this to 410 and request for removal via GSC
https://www.parcelmanagement.com/cate-115-117,Not found (404),Spam URL - Need to set this to 410 and request for removal via GSC
https://www.parcelmanagement.com/cate-118-125,Not found (404),Spam URL - Need to set this to 410 and request for removal via GSC
https://www.parcelmanagement.com/cate-122-415,Not found (404),Spam URL - Need to set this to 410 and request for removal via GSC
https://www.parcelmanagement.com/cate-129-133,Server error (5xx),Spam URL - Need to set this to 410 and request for removal via GSC
https://www.parcelmanagement.com/cate-140,Indexed pages,Spam URL - Need to set this to 410 and request for removal via GSC
https://www.parcelmanagement.com/cate-154,Server error (5xx),Spam URL - Need to set this to 410 and request for removal via GSC
https://www.parcelmanagement.com/cate-154-170,Not found (404),Spam URL - Need to set this to 410 and request for removal via GSC
https://www.parcelmanagement.com/cate-158-163,Server error (5xx),Spam URL - Need to set this to 410 and request for removal via GSC
https://www.parcelmanagement.com/cate-160-318,Blocked by robots.txt,Spam URL - Need to set this to 410 and request for removal via GSC
https://www.parcelmanagement.com/cate-165-194,Not found (404),Spam URL - Need to set this to 410 and request for removal via GSC
https://www.parcelmanagement.com/cate-170,Not found (404),Spam URL - Need to set this to 410 and request for removal via GSC
https://www.parcelmanagement.com/cate-170-171,Not found (404),Spam URL - Need to set this to 410 and request for removal via GSC
https://www.parcelmanagement.com/cate-187-190,Not found (404),Spam URL - Need to set this to 410 and request for removal via GSC
https://www.parcelmanagement.com/cate-193-199,Not found (404),Spam URL - Need to set this to 410 and request for removal via GSC
https://www.parcelmanagement.com/cate-202-218,Not found (404),Spam URL - Need to set this to 410 and request for removal via GSC
https://www.parcelmanagement.com/cate-203-243,Not found (404),Spam URL - Need to set this to 410 and request for removal via GSC
https://www.parcelmanagement.com/cate-205-225,Not found (404),Spam URL - Need to set this to 410 and request for removal via GSC
https://www.parcelmanagement.com/cate-212,Blocked by robots.txt,Spam URL - Need to set this to 410 and request for removal via GSC
https://www.parcelmanagement.com/cate-212-424,Server error (5xx),Spam URL - Need to set this to 410 and request for removal via GSC
https://www.parcelmanagement.com/cate-226,Server error (5xx),Spam URL - Need to set this to 410 and request for removal via GSC
https://www.parcelmanagement.com/cate-226-262,Server error (5xx),Spam URL - Need to set this to 410 and request for removal via GSC
https://www.parcelmanagement.com/cate-229-242,Not found (404),Spam URL - Need to set this to 410 and request for removal via GSC
https://www.parcelmanagement.com/cate-244,Not found (404),Spam URL - Need to set this to 410 and request for removal via GSC
https://www.parcelmanagement.com/cate-25-28,Not found (404),Spam URL - Need to set this to 410 and request for removal via GSC
https://www.parcelmanagement.com/cate-251,Not found (404),Spam URL - Need to set this to 410 and request for removal via GSC
https://www.parcelmanagement.com/cate-264,Not found (404),Spam URL - Need to set this to 410 and request for removal via GSC
https://www.parcelmanagement.com/cate-264-275,Server error (5xx),Spam URL - Need to set this to 410 and request for removal via GSC
https://www.parcelmanagement.com/cate-295-300,Blocked by robots.txt,Spam URL - Need to set this to 410 and request for removal via GSC
https://www.parcelmanagement.com/cate-3-14,Not found (404),Spam URL - Need to set this to 410 and request for removal via GSC
https://www.parcelmanagement.com/cate-3-308,Indexed pages,Spam URL - Need to set this to 410 and request for removal via GSC
https://www.parcelmanagement.com/cate-301-302,Not found (404),Spam URL - Need to set this to 410 and request for removal via GSC
https://www.parcelmanagement.com/cate-323,Blocked by robots.txt,Spam URL - Need to set this to 410 and request for removal via GSC
https://www.parcelmanagement.com/cate-34-79,Not found (404),Spam URL - Need to set this to 410 and request for removal via GSC
https://www.parcelmanagement.com/cate-35-37,Server error (5xx),Spam URL - Need to set this to 410 and request for removal via GSC
https://www.parcelmanagement.com/cate-379,Server error (5xx),Spam URL - Need to set this to 410 and request for removal via GSC
https://www.parcelmanagement.com/cate-38-39,Not found (404),Spam URL - Need to set this to 410 and request for removal via GSC
https://www.parcelmanagement.com/cate-39-42,Not found (404),Spam URL - Need to set this to 410 and request for removal via GSC
https://www.parcelmanagement.com/cate-4-30,Not found (404),Spam URL - Need to set this to 410 and request for removal via GSC
https://www.parcelmanagement.com/cate-41-50,Indexed pages,Spam URL - Need to set this to 410 and request for removal via GSC
https://www.parcelmanagement.com/cate-42-74,Not found (404),Spam URL - Need to set this to 410 and request for removal via GSC
https://www.parcelmanagement.com/cate-46-52,Server error (5xx),Spam URL - Need to set this to 410 and request for removal via GSC
https://www.parcelmanagement.com/cate-48-50,Indexed pages,Spam URL - Need to set this to 410 and request for removal via GSC
https://www.parcelmanagement.com/cate-50-107,Not found (404),Spam URL - Need to set this to 410 and request for removal via GSC
https://www.parcelmanagement.com/cate-53-66,Not found (404),Spam URL - Need to set this to 410 and request for removal via GSC
https://www.parcelmanagement.com/cate-532,Not found (404),Spam URL - Need to set this to 410 and request for removal via GSC
https://www.parcelmanagement.com/cate-532-560,Not found (404),Spam URL - Need to set this to 410 and request for removal via GSC
https://www.parcelmanagement.com/cate-617,Server error (5xx),Spam URL - Need to set this to 410 and request for removal via GSC
https://www.parcelmanagement.com/cate-62-79,Server error (5xx),Spam URL - Need to set this to 410 and request for removal via GSC
https://www.parcelmanagement.com/cate-63-64,Server error (5xx),Spam URL - Need to set this to 410 and request for removal via GSC
https://www.parcelmanagement.com/cate-67-68,Not found (404),Spam URL - Need to set this to 410 and request for removal via GSC
https://www.parcelmanagement.com/cate-76,Blocked by robots.txt,Spam URL - Need to set this to 410 and request for removal via GSC
https://www.parcelmanagement.com/cate-79-82,Not found (404),Spam URL - Need to set this to 410 and request for removal via GSC
https://www.parcelmanagement.com/cate-83,Server error (5xx),Spam URL - Need to set this to 410 and request for removal via GSC
https://www.parcelmanagement.com/cate-83-85,Not found (404),Spam URL - Need to set this to 410 and request for removal via GSC
https://www.parcelmanagement.com/cate-87-90,Not found (404),Spam URL - Need to set this to 410 and request for removal via GSC
https://www.parcelmanagement.com/cate-9-260,Not found (404),Spam URL - Need to set this to 410 and request for removal via GSC
https://www.parcelmanagement.com/cate-9-59,Server error (5xx),Spam URL - Need to set this to 410 and request for removal via GSC
https://www.parcelmanagement.com/cate-91-94,Indexed pages,Spam URL - Need to set this to 410 and request for removal via GSC
https://www.parcelmanagement.com/contents/event/kansyasai,Indexed pages,Spam URL - Need to set this to 410 and request for removal via GSC
https://www.parcelmanagement.com/contents/event/kansyasai/,Not found (404),Spam URL - Need to set this to 410 and request for removal via GSC
https://www.parcelmanagement.com/darwin-casino-gaming-steps-and-methods-registration-bonuses-payments-more,Blocked by robots.txt,Spam URL - Need to set this to 410 and request for removal via GSC
https://www.parcelmanagement.com/die-besten-slots-im-bookofbet-casino-spiele-empfehlungen/,Not found (404),Spam URL - Need to set this to 410 and request for removal via GSC
https://www.parcelmanagement.com/dp/002520756,Indexed pages,Spam URL - Need to set this to 410 and request for removal via GSC
https://www.parcelmanagement.com/dp/003240777,Server error (5xx),Spam URL - Need to set this to 410 and request for removal via GSC
https://www.parcelmanagement.com/dp/003250031,Server error (5xx),Spam URL - Need to set this to 410 and request for removal via GSC
https://www.parcelmanagement.com/dp/003316674,Server error (5xx),Spam URL - Need to set this to 410 and request for removal via GSC
https://www.parcelmanagement.com/dp/003873146,Not found (404),Spam URL - Need to set this to 410 and request for removal via GSC
https://www.parcelmanagement.com/dp/00419611,Indexed pages,Spam URL - Need to set this to 410 and request for removal via GSC
https://www.parcelmanagement.com/dp/004961277,Indexed pages,Spam URL - Need to set this to 410 and request for removal via GSC
https://www.parcelmanagement.com/dp/006442048,Not found (404),Spam URL - Need to set this to 410 and request for removal via GSC
https://www.parcelmanagement.com/dp/00679831,Indexed pages,Spam URL - Need to set this to 410 and request for removal via GSC
https://www.parcelmanagement.com/dp/006946551,Not found (404),Spam URL - Need to set this to 410 and request for removal via GSC
https://www.parcelmanagement.com/dp/011476750,Not found (404),Spam URL - Need to set this to 410 and request for removal via GSC
https://www.parcelmanagement.com/dp/013025056,Indexed pages,Spam URL - Need to set this to 410 and request for removal via GSC
https://www.parcelmanagement.com/dp/013104736,Indexed pages,Spam URL - Need to set this to 410 and request for removal via GSC
https://www.parcelmanagement.com/dp/013738719,Blocked by robots.txt,Spam URL - Need to set this to 410 and request for removal via GSC
https://www.parcelmanagement.com/dp/014725615,Server error (5xx),Spam URL - Need to set this to 410 and request for removal via GSC
https://www.parcelmanagement.com/dp/014934811,Indexed pages,Spam URL - Need to set this to 410 and request for removal via GSC
https://www.parcelmanagement.com/dp/015878961,Indexed pages,Spam URL - Need to set this to 410 and request for removal via GSC
https://www.parcelmanagement.com/dp/016004135,Server error (5xx),Spam URL - Need to set this to 410 and request for removal via GSC
https://www.parcelmanagement.com/dp/016310225,Blocked by robots.txt,Spam URL - Need to set this to 410 and request for removal via GSC
https://www.parcelmanagement.com/dp/016941237,Indexed pages,Spam URL - Need to set this to 410 and request for removal via GSC
https://www.parcelmanagement.com/dp/017419482,Not found (404),Spam URL - Need to set this to 410 and request for removal via GSC
https://www.parcelmanagement.com/dp/017854334,Crawled - currently not indexed,Spam URL - Need to set this to 410 and request for removal via GSC
https://www.parcelmanagement.com/dp/018133114,Indexed pages,Spam URL - Need to set this to 410 and request for removal via GSC
https://www.parcelmanagement.com/dp/01845588,Server error (5xx),Spam URL - Need to set this to 410 and request for removal via GSC
https://www.parcelmanagement.com/dp/018518221,Not found (404),Spam URL - Need to set this to 410 and request for removal via GSC
https://www.parcelmanagement.com/dp/01906021,Not found (404),Spam URL - Need to set this to 410 and request for removal via GSC
https://www.parcelmanagement.com/dp/021504662,Indexed pages,Spam URL - Need to set this to 410 and request for removal via GSC
https://www.parcelmanagement.com/dp/021636381,Blocked by robots.txt,Spam URL - Need to set this to 410 and request for removal via GSC
https://www.parcelmanagement.com/dp/021959942,Indexed pages,Spam URL - Need to set this to 410 and request for removal via GSC
https://www.parcelmanagement.com/dp/02231151,Server error (5xx),Spam URL - Need to set this to 410 and request for removal via GSC
https://www.parcelmanagement.com/dp/022317949,Not found (404),Spam URL - Need to set this to 410 and request for removal via GSC
https://www.parcelmanagement.com/dp/022921887,Indexed pages,Spam URL - Need to set this to 410 and request for removal via GSC
https://www.parcelmanagement.com/dp/023431429,Not found (404),Spam URL - Need to set this to 410 and request for removal via GSC
https://www.parcelmanagement.com/dp/023725533,Not found (404),Spam URL - Need to set this to 410 and request for removal via GSC
https://www.parcelmanagement.com/dp/023788171,Indexed pages,Spam URL - Need to set this to 410 and request for removal via GSC
https://www.parcelmanagement.com/dp/023857977,Not found (404),Spam URL - Need to set this to 410 and request for removal via GSC
https://www.parcelmanagement.com/dp/024012269,Indexed pages,Spam URL - Need to set this to 410 and request for removal via GSC
https://www.parcelmanagement.com/dp/024250310,Not found (404),Spam URL - Need to set this to 410 and request for removal via GSC
https://www.parcelmanagement.com/dp/024368325,Not found (404),Spam URL - Need to set this to 410 and request for removal via GSC
https://www.parcelmanagement.com/dp/024586339,Not found (404),Spam URL - Need to set this to 410 and request for removal via GSC
https://www.parcelmanagement.com/dp/024751368,Indexed pages,Spam URL - Need to set this to 410 and request for removal via GSC
https://www.parcelmanagement.com/dp/025938377,Not found (404),Spam URL - Need to set this to 410 and request for removal via GSC
https://www.parcelmanagement.com/dp/026018722,Not found (404),Spam URL - Need to set this to 410 and request for removal via GSC
https://www.parcelmanagement.com/dp/026679251,Server error (5xx),Spam URL - Need to set this to 410 and request for removal via GSC
https://www.parcelmanagement.com/dp/026764033,Not found (404),Spam URL - Need to set this to 410 and request for removal via GSC
https://www.parcelmanagement.com/dp/027539702,Indexed pages,Spam URL - Need to set this to 410 and request for removal via GSC
https://www.parcelmanagement.com/dp/028032034,Not found (404),Spam URL - Need to set this to 410 and request for removal via GSC
https://www.parcelmanagement.com/dp/028443055,Not found (404),Spam URL - Need to set this to 410 and request for removal via GSC
https://www.parcelmanagement.com/dp/028458634,Server error (5xx),Spam URL - Need to set this to 410 and request for removal via GSC
https://www.parcelmanagement.com/dp/028490838,Server error (5xx),Spam URL - Need to set this to 410 and request for removal via GSC
https://www.parcelmanagement.com/dp/028494268,Not found (404),Spam URL - Need to set this to 410 and request for removal via GSC
https://www.parcelmanagement.com/dp/031068155,Not found (404),Spam URL - Need to set this to 410 and request for removal via GSC
https://www.parcelmanagement.com/dp/03132368,Indexed pages,Spam URL - Need to set this to 410 and request for removal via GSC
https://www.parcelmanagement.com/dp/032080067,Not found (404),Spam URL - Need to set this to 410 and request for removal via GSC
https://www.parcelmanagement.com/dp/032522147,Not found (404),Spam URL - Need to set this to 410 and request for removal via GSC
https://www.parcelmanagement.com/dp/032982970,Not found (404),Spam URL - Need to set this to 410 and request for removal via GSC
https://www.parcelmanagement.com/dp/033424454,Server error (5xx),Spam URL - Need to set this to 410 and request for removal via GSC
https://www.parcelmanagement.com/dp/033871533,Indexed pages,Spam URL - Need to set this to 410 and request for removal via GSC
https://www.parcelmanagement.com/dp/034087843,Not found (404),Spam URL - Need to set this to 410 and request for removal via GSC
https://www.parcelmanagement.com/dp/035394278,Not found (404),Spam URL - Need to set this to 410 and request for removal via GSC
https://www.parcelmanagement.com/dp/036047640,Indexed pages,Spam URL - Need to set this to 410 and request for removal via GSC
https://www.parcelmanagement.com/dp/036587884,Indexed pages,Spam URL - Need to set this to 410 and request for removal via GSC
https://www.parcelmanagement.com/dp/03681198,Not found (404),Spam URL - Need to set this to 410 and request for removal via GSC
https://www.parcelmanagement.com/dp/036861527,Server error (5xx),Spam URL - Need to set this to 410 and request for removal via GSC
https://www.parcelmanagement.com/dp/038273494,Indexed pages,Spam URL - Need to set this to 410 and request for removal via GSC
https://www.parcelmanagement.com/dp/04211131,Server error (5xx),Spam URL - Need to set this to 410 and request for removal via GSC
https://www.parcelmanagement.com/dp/042344028,Indexed pages,Spam URL - Need to set this to 410 and request for removal via GSC
https://www.parcelmanagement.com/dp/042868178,Indexed pages,Spam URL - Need to set this to 410 and request for removal via GSC
https://www.parcelmanagement.com/dp/043617293,Indexed pages,Spam URL - Need to set this to 410 and request for removal via GSC
https://www.parcelmanagement.com/dp/044090663,Server error (5xx),Spam URL - Need to set this to 410 and request for removal via GSC
https://www.parcelmanagement.com/dp/044121765,Indexed pages,Spam URL - Need to set this to 410 and request for removal via GSC
https://www.parcelmanagement.com/dp/044443354,Indexed pages,Spam URL - Need to set this to 410 and request for removal via GSC
https://www.parcelmanagement.com/dp/04476639,Server error (5xx),Spam URL - Need to set this to 410 and request for removal via GSC
https://www.parcelmanagement.com/dp/047678012,Indexed pages,Spam URL - Need to set this to 410 and request for removal via GSC
https://www.parcelmanagement.com/dp/048346601,Not found (404),Spam URL - Need to set this to 410 and request for removal via GSC
https://www.parcelmanagement.com/dp/048513228,Server error (5xx),Spam URL - Need to set this to 410 and request for removal via GSC
https://www.parcelmanagement.com/dp/051192834,Not found (404),Spam URL - Need to set this to 410 and request for removal via GSC
https://www.parcelmanagement.com/dp/051228279,Not found (404),Spam URL - Need to set this to 410 and request for removal via GSC
https://www.parcelmanagement.com/dp/052155827,Not found (404),Spam URL - Need to set this to 410 and request for removal via GSC
https://www.parcelmanagement.com/dp/052375513,Indexed pages,Spam URL - Need to set this to 410 and request for removal via GSC
https://www.parcelmanagement.com/dp/052684614,Not found (404),Spam URL - Need to set this to 410 and request for removal via GSC
https://www.parcelmanagement.com/dp/052993360,Not found (404),Spam URL - Need to set this to 410 and request for removal via GSC
https://www.parcelmanagement.com/dp/054803080,Server error (5xx),Spam URL - Need to set this to 410 and request for removal via GSC
https://www.parcelmanagement.com/dp/054867611,Server error (5xx),Spam URL - Need to set this to 410 and request for removal via GSC
https://www.parcelmanagement.com/dp/05731180,Blocked by robots.txt,Spam URL - Need to set this to 410 and request for removal via GSC
https://www.parcelmanagement.com/dp/057338299,Not found (404),Spam URL - Need to set this to 410 and request for removal via GSC
https://www.parcelmanagement.com/dp/057722127,Blocked by robots.txt,Spam URL - Need to set this to 410 and request for removal via GSC
https://www.parcelmanagement.com/dp/061010875,Indexed pages,Spam URL - Need to set this to 410 and request for removal via GSC
https://www.parcelmanagement.com/dp/061051477,Indexed pages,Spam URL - Need to set this to 410 and request for removal via GSC
https://www.parcelmanagement.com/dp/06125871,Indexed pages,Spam URL - Need to set this to 410 and request for removal via GSC
https://www.parcelmanagement.com/dp/061428213,Server error (5xx),Spam URL - Need to set this to 410 and request for removal via GSC
https://www.parcelmanagement.com/dp/062442299,Not found (404),Spam URL - Need to set this to 410 and request for removal via GSC
https://www.parcelmanagement.com/dp/062702506,Not found (404),Spam URL - Need to set this to 410 and request for removal via GSC
https://www.parcelmanagement.com/dp/063814098,Not found (404),Spam URL - Need to set this to 410 and request for removal via GSC
https://www.parcelmanagement.com/dp/064185208,Indexed pages,Spam URL - Need to set this to 410 and request for removal via GSC
https://www.parcelmanagement.com/dp/064366317,Indexed pages,Spam URL - Need to set this to 410 and request for removal via GSC
https://www.parcelmanagement.com/dp/064690943,Server error (5xx),Spam URL - Need to set this to 410 and request for removal via GSC
https://www.parcelmanagement.com/dp/065036778,Indexed pages,Spam URL - Need to set this to 410 and request for removal via GSC
https://www.parcelmanagement.com/dp/065583619,Indexed pages,Spam URL - Need to set this to 410 and request for removal via GSC
https://www.parcelmanagement.com/dp/066231788,Indexed pages,Spam URL - Need to set this to 410 and request for removal via GSC
https://www.parcelmanagement.com/dp/066403533,Server error (5xx),Spam URL - Need to set this to 410 and request for removal via GSC
https://www.parcelmanagement.com/dp/067585534,Indexed pages,Spam URL - Need to set this to 410 and request for removal via GSC
https://www.parcelmanagement.com/dp/06772342,Not found (404),Spam URL - Need to set this to 410 and request for removal via GSC
https://www.parcelmanagement.com/dp/068088089,Not found (404),Spam URL - Need to set this to 410 and request for removal via GSC
https://www.parcelmanagement.com/dp/068585769,Indexed pages,Spam URL - Need to set this to 410 and request for removal via GSC
https://www.parcelmanagement.com/dp/071879729,Server error (5xx),Spam URL - Need to set this to 410 and request for removal via GSC
https://www.parcelmanagement.com/dp/073097252,Blocked by robots.txt,Spam URL - Need to set this to 410 and request for removal via GSC
https://www.parcelmanagement.com/dp/073122016,Not found (404),Spam URL - Need to set this to 410 and request for removal via GSC
https://www.parcelmanagement.com/dp/073938846,Not found (404),Spam URL - Need to set this to 410 and request for removal via GSC
https://www.parcelmanagement.com/dp/074098688,Not found (404),Spam URL - Need to set this to 410 and request for removal via GSC
https://www.parcelmanagement.com/dp/074748317,Indexed pages,Spam URL - Need to set this to 410 and request for removal via GSC
https://www.parcelmanagement.com/dp/074751486,Not found (404),Spam URL - Need to set this to 410 and request for removal via GSC
https://www.parcelmanagement.com/dp/0751286,Not found (404),Spam URL - Need to set this to 410 and request for removal via GSC
https://www.parcelmanagement.com/dp/077166900,Not found (404),Spam URL - Need to set this to 410 and request for removal via GSC
https://www.parcelmanagement.com/dp/077458143,Not found (404),Spam URL - Need to set this to 410 and request for removal via GSC
https://www.parcelmanagement.com/dp/077803137,Server error (5xx),Spam URL - Need to set this to 410 and request for removal via GSC
https://www.parcelmanagement.com/dp/081893038,Blocked by robots.txt,Spam URL - Need to set this to 410 and request for removal via GSC
https://www.parcelmanagement.com/dp/081970557,Indexed pages,Spam URL - Need to set this to 410 and request for removal via GSC
https://www.parcelmanagement.com/dp/082397349,Not found (404),Spam URL - Need to set this to 410 and request for removal via GSC
https://www.parcelmanagement.com/dp/082526482,Not found (404),Spam URL - Need to set this to 410 and request for removal via GSC
https://www.parcelmanagement.com/dp/083420391,Indexed pages,Spam URL - Need to set this to 410 and request for removal via GSC
https://www.parcelmanagement.com/dp/083683749,Indexed pages,Spam URL - Need to set this to 410 and request for removal via GSC
https://www.parcelmanagement.com/dp/084184289,Indexed pages,Spam URL - Need to set this to 410 and request for removal via GSC
https://www.parcelmanagement.com/dp/084246140,Indexed pages,Spam URL - Need to set this to 410 and request for removal via GSC
https://www.parcelmanagement.com/dp/084686103,Indexed pages,Spam URL - Need to set this to 410 and request for removal via GSC
https://www.parcelmanagement.com/dp/087452416,Server error (5xx),Spam URL - Need to set this to 410 and request for removal via GSC
https://www.parcelmanagement.com/dp/087454440,Crawled - currently not indexed,Spam URL - Need to set this to 410 and request for removal via GSC
https://www.parcelmanagement.com/dp/091388777,Not found (404),Spam URL - Need to set this to 410 and request for removal via GSC
https://www.parcelmanagement.com/dp/091543794,Indexed pages,Spam URL - Need to set this to 410 and request for removal via GSC
https://www.parcelmanagement.com/dp/091848367,Indexed pages,Spam URL - Need to set this to 410 and request for removal via GSC
https://www.parcelmanagement.com/dp/092025856,Indexed pages,Spam URL - Need to set this to 410 and request for removal via GSC
https://www.parcelmanagement.com/dp/092207374,Not found (404),Spam URL - Need to set this to 410 and request for removal via GSC
https://www.parcelmanagement.com/dp/092499762,Not found (404),Spam URL - Need to set this to 410 and request for removal via GSC
https://www.parcelmanagement.com/dp/092611480,Indexed pages,Spam URL - Need to set this to 410 and request for removal via GSC
https://www.parcelmanagement.com/dp/093460788,Indexed pages,Spam URL - Need to set this to 410 and request for removal via GSC
https://www.parcelmanagement.com/dp/093484145,Indexed pages,Spam URL - Need to set this to 410 and request for removal via GSC
https://www.parcelmanagement.com/dp/094356455,Indexed pages,Spam URL - Need to set this to 410 and request for removal via GSC
https://www.parcelmanagement.com/dp/094556257,Server error (5xx),Spam URL - Need to set this to 410 and request for removal via GSC
https://www.parcelmanagement.com/dp/095454859,Indexed pages,Spam URL - Need to set this to 410 and request for removal via GSC
https://www.parcelmanagement.com/dp/096005199,Not found (404),Spam URL - Need to set this to 410 and request for removal via GSC
https://www.parcelmanagement.com/dp/09692252,Indexed pages,Spam URL - Need to set this to 410 and request for removal via GSC
https://www.parcelmanagement.com/dp/097093549,Indexed pages,Spam URL - Need to set this to 410 and request for removal via GSC
https://www.parcelmanagement.com/dp/09718321,Not found (404),Spam URL - Need to set this to 410 and request for removal via GSC
https://www.parcelmanagement.com/dp/0a5112763,Server error (5xx),Spam URL - Need to set this to 410 and request for removal via GSC
https://www.parcelmanagement.com/dp/0a5312477,Not found (404),Spam URL - Need to set this to 410 and request for removal via GSC
https://www.parcelmanagement.com/dp/0a578932,Indexed pages,Spam URL - Need to set this to 410 and request for removal via GSC
https://www.parcelmanagement.com/dp/0a7293334,Not found (404),Spam URL - Need to set this to 410 and request for removal via GSC
https://www.parcelmanagement.com/dp/0a8389491,Not found (404),Spam URL - Need to set this to 410 and request for removal via GSC
https://www.parcelmanagement.com/dp/0b1901438,Indexed pages,Spam URL - Need to set this to 410 and request for removal via GSC
https://www.parcelmanagement.com/dp/0b3247054,Not found (404),Spam URL - Need to set this to 410 and request for removal via GSC
https://www.parcelmanagement.com/dp/0b6125980,Blocked by robots.txt,Spam URL - Need to set this to 410 and request for removal via GSC
https://www.parcelmanagement.com/dp/0b6694503,Server error (5xx),Spam URL - Need to set this to 410 and request for removal via GSC
https://www.parcelmanagement.com/dp/0b7172854,Not found (404),Spam URL - Need to set this to 410 and request for removal via GSC
https://www.parcelmanagement.com/dp/0b7430865,Server error (5xx),Spam URL - Need to set this to 410 and request for removal via GSC
https://www.parcelmanagement.com/dp/0b8356594,Indexed pages,Spam URL - Need to set this to 410 and request for removal via GSC
https://www.parcelmanagement.com/dp/0c2602706,Indexed pages,Spam URL - Need to set this to 410 and request for removal via GSC
https://www.parcelmanagement.com/dp/0c2769009,Not found (404),Spam URL - Need to set this to 410 and request for removal via GSC
https://www.parcelmanagement.com/dp/0c3753368,Indexed pages,Spam URL - Need to set this to 410 and request for removal via GSC
https://www.parcelmanagement.com/dp/0c5706203,Not found (404),Spam URL - Need to set this to 410 and request for removal via GSC
https://www.parcelmanagement.com/dp/0c6587864,Server error (5xx),Spam URL - Need to set this to 410 and request for removal via GSC
https://www.parcelmanagement.com/dp/0c7545738,Indexed pages,Spam URL - Need to set this to 410 and request for removal via GSC
https://www.parcelmanagement.com/dp/0d1291547,Indexed pages,Spam URL - Need to set this to 410 and request for removal via GSC
https://www.parcelmanagement.com/dp/0d1309841,Not found (404),Spam URL - Need to set this to 410 and request for removal via GSC
https://www.parcelmanagement.com/dp/0d5071654,Indexed pages,Spam URL - Need to set this to 410 and request for removal via GSC
https://www.parcelmanagement.com/dp/0d5949737,Indexed pages,Spam URL - Need to set this to 410 and request for removal via GSC
https://www.parcelmanagement.com/dp/0e1026205,Not found (404),Spam URL - Need to set this to 410 and request for removal via GSC
https://www.parcelmanagement.com/dp/0e197014,Blocked by robots.txt,Spam URL - Need to set this to 410 and request for removal via GSC
https://www.parcelmanagement.com/dp/0e3774353,Indexed pages,Spam URL - Need to set this to 410 and request for removal via GSC
https://www.parcelmanagement.com/dp/0e428632,Indexed pages,Spam URL - Need to set this to 410 and request for removal via GSC
https://www.parcelmanagement.com/dp/0e4309138,Indexed pages,Spam URL - Need to set this to 410 and request for removal via GSC
https://www.parcelmanagement.com/dp/0e4885291,Blocked by robots.txt,Spam URL - Need to set this to 410 and request for removal via GSC
https://www.parcelmanagement.com/dp/0e5393031,Indexed pages,Spam URL - Need to set this to 410 and request for removal via GSC
https://www.parcelmanagement.com/dp/0e5595999,Server error (5xx),Spam URL - Need to set this to 410 and request for removal via GSC
https://www.parcelmanagement.com/dp/0e637995,Not found (404),Spam URL - Need to set this to 410 and request for removal via GSC
https://www.parcelmanagement.com/dp/0f1014328,Indexed pages,Spam URL - Need to set this to 410 and request for removal via GSC
https://www.parcelmanagement.com/dp/0f1288713,Not found (404),Spam URL - Need to set this to 410 and request for removal via GSC
https://www.parcelmanagement.com/dp/0f2576522,Not found (404),Spam URL - Need to set this to 410 and request for removal via GSC
https://www.parcelmanagement.com/dp/0f3260810,Indexed pages,Spam URL - Need to set this to 410 and request for removal via GSC
https://www.parcelmanagement.com/dp/0f3947771,Crawled - currently not indexed,Spam URL - Need to set this to 410 and request for removal via GSC
https://www.parcelmanagement.com/dp/0f4605249,Not found (404),Spam URL - Need to set this to 410 and request for removal via GSC
https://www.parcelmanagement.com/dp/0f5667282,Server error (5xx),Spam URL - Need to set this to 410 and request for removal via GSC
https://www.parcelmanagement.com/dp/0f584275,Indexed pages,Spam URL - Need to set this to 410 and request for removal via GSC
https://www.parcelmanagement.com/dp/0f6849570,Not found (404),Spam URL - Need to set this to 410 and request for removal via GSC
https://www.parcelmanagement.com/dp/0f7056726,Server error (5xx),Spam URL - Need to set this to 410 and request for removal via GSC
https://www.parcelmanagement.com/dp/0f7059256,Not found (404),Spam URL - Need to set this to 410 and request for removal via GSC
https://www.parcelmanagement.com/dp/10105902,Server error (5xx),Spam URL - Need to set this to 410 and request for removal via GSC
https://www.parcelmanagement.com/dp/102151654,Not found (404),Spam URL - Need to set this to 410 and request for removal via GSC
https://www.parcelmanagement.com/dp/102432784,Server error (5xx),Spam URL - Need to set this to 410 and request for removal via GSC
https://www.parcelmanagement.com/dp/104587175,Not found (404),Spam URL - Need to set this to 410 and request for removal via GSC
https://www.parcelmanagement.com/dp/1046944,Indexed pages,Spam URL - Need to set this to 410 and request for removal via GSC
https://www.parcelmanagement.com/dp/105381277,Indexed pages,Spam URL - Need to set this to 410 and request for removal via GSC
https://www.parcelmanagement.com/dp/105974538,Indexed pages,Spam URL - Need to set this to 410 and request for removal via GSC
https://www.parcelmanagement.com/dp/106131413,Not found (404),Spam URL - Need to set this to 410 and request for removal via GSC
https://www.parcelmanagement.com/dp/106380266,Not found (404),Spam URL - Need to set this to 410 and request for removal via GSC
https://www.parcelmanagement.com/dp/106387518,Not found (404),Spam URL - Need to set this to 410 and request for removal via GSC
https://www.parcelmanagement.com/dp/106591068,Not found (404),Spam URL - Need to set this to 410 and request for removal via GSC
https://www.parcelmanagement.com/dp/106810974,Server error (5xx),Spam URL - Need to set this to 410 and request for removal via GSC
https://www.parcelmanagement.com/dp/106857402,Server error (5xx),Spam URL - Need to set this to 410 and request for removal via GSC
https://www.parcelmanagement.com/dp/107191501,Crawled - currently not indexed,Spam URL - Need to set this to 410 and request for removal via GSC
https://www.parcelmanagement.com/dp/107863147,Server error (5xx),Spam URL - Need to set this to 410 and request for removal via GSC
https://www.parcelmanagement.com/dp/107994721,Crawled - currently not indexed,Spam URL - Need to set this to 410 and request for removal via GSC
https://www.parcelmanagement.com/dp/10881588,Indexed pages,Spam URL - Need to set this to 410 and request for removal via GSC
https://www.parcelmanagement.com/dp/111310843,Indexed pages,Spam URL - Need to set this to 410 and request for removal via GSC
https://www.parcelmanagement.com/dp/111737167,Indexed pages,Spam URL - Need to set this to 410 and request for removal via GSC
https://www.parcelmanagement.com/dp/112158584,Not found (404),Spam URL - Need to set this to 410 and request for removal via GSC
https://www.parcelmanagement.com/dp/112252258,Not found (404),Spam URL - Need to set this to 410 and request for removal via GSC
https://www.parcelmanagement.com/dp/112263678,Not found (404),Spam URL - Need to set this to 410 and request for removal via GSC
https://www.parcelmanagement.com/dp/112673446,Indexed pages,Spam URL - Need to set this to 410 and request for removal via GSC
https://www.parcelmanagement.com/dp/112810667,Indexed pages,Spam URL - Need to set this to 410 and request for removal via GSC
https://www.parcelmanagement.com/dp/113427749,Indexed pages,Spam URL - Need to set this to 410 and request for removal via GSC
https://www.parcelmanagement.com/dp/113640151,Indexed pages,Spam URL - Need to set this to 410 and request for removal via GSC
https://www.parcelmanagement.com/dp/114882328,Indexed pages,Spam URL - Need to set this to 410 and request for removal via GSC
https://www.parcelmanagement.com/dp/115251331,Server error (5xx),Spam URL - Need to set this to 410 and request for removal via GSC
https://www.parcelmanagement.com/dp/115423287,Not found (404),Spam URL - Need to set this to 410 and request for removal via GSC
https://www.parcelmanagement.com/dp/115620816,Indexed pages,Spam URL - Need to set this to 410 and request for removal via GSC
https://www.parcelmanagement.com/dp/115906992,Not found (404),Spam URL - Need to set this to 410 and request for removal via GSC
https://www.parcelmanagement.com/dp/116082866,Indexed pages,Spam URL - Need to set this to 410 and request for removal via GSC
https://www.parcelmanagement.com/dp/116916000,Indexed pages,Spam URL - Need to set this to 410 and request for removal via GSC
https://www.parcelmanagement.com/dp/117139537,Server error (5xx),Spam URL - Need to set this to 410 and request for removal via GSC
https://www.parcelmanagement.com/dp/117258027,Not found (404),Spam URL - Need to set this to 410 and request for removal via GSC
https://www.parcelmanagement.com/dp/1179354,Indexed pages,Spam URL - Need to set this to 410 and request for removal via GSC
https://www.parcelmanagement.com/dp/118302552,Server error (5xx),Spam URL - Need to set this to 410 and request for removal via GSC
https://www.parcelmanagement.com/dp/118542936,Indexed pages,Spam URL - Need to set this to 410 and request for removal via GSC
https://www.parcelmanagement.com/dp/118621653,Not found (404),Spam URL - Need to set this to 410 and request for removal via GSC
https://www.parcelmanagement.com/dp/121145990,Server error (5xx),Spam URL - Need to set this to 410 and request for removal via GSC
https://www.parcelmanagement.com/dp/121430284,Not found (404),Spam URL - Need to set this to 410 and request for removal via GSC
https://www.parcelmanagement.com/dp/121444510,Indexed pages,Spam URL - Need to set this to 410 and request for removal via GSC
https://www.parcelmanagement.com/dp/121764806,Not found (404),Spam URL - Need to set this to 410 and request for removal via GSC
https://www.parcelmanagement.com/dp/121919919,Indexed pages,Spam URL - Need to set this to 410 and request for removal via GSC
https://www.parcelmanagement.com/dp/122347071,Indexed pages,Spam URL - Need to set this to 410 and request for removal via GSC
https://www.parcelmanagement.com/dp/122591640,Indexed pages,Spam URL - Need to set this to 410 and request for removal via GSC
https://www.parcelmanagement.com/dp/122687739,Server error (5xx),Spam URL - Need to set this to 410 and request for removal via GSC
https://www.parcelmanagement.com/dp/123533707,Server error (5xx),Spam URL - Need to set this to 410 and request for removal via GSC
https://www.parcelmanagement.com/dp/123634804,Not found (404),Spam URL - Need to set this to 410 and request for removal via GSC
https://www.parcelmanagement.com/dp/12454722,Server error (5xx),Spam URL - Need to set this to 410 and request for removal via GSC
https://www.parcelmanagement.com/dp/124866922,Server error (5xx),Spam URL - Need to set this to 410 and request for removal via GSC
https://www.parcelmanagement.com/dp/125681458,Not found (404),Spam URL - Need to set this to 410 and request for removal via GSC
https://www.parcelmanagement.com/dp/12627034,Not found (404),Spam URL - Need to set this to 410 and request for removal via GSC
https://www.parcelmanagement.com/dp/12738810,Blocked by robots.txt,Spam URL - Need to set this to 410 and request for removal via GSC
https://www.parcelmanagement.com/dp/128555641,Indexed pages,Spam URL - Need to set this to 410 and request for removal via GSC
https://www.parcelmanagement.com/dp/131279332,Server error (5xx),Spam URL - Need to set this to 410 and request for removal via GSC
https://www.parcelmanagement.com/dp/132198603,Indexed pages,Spam URL - Need to set this to 410 and request for removal via GSC
https://www.parcelmanagement.com/dp/132901732,Not found (404),Spam URL - Need to set this to 410 and request for removal via GSC
https://www.parcelmanagement.com/dp/133046965,Indexed pages,Spam URL - Need to set this to 410 and request for removal via GSC
https://www.parcelmanagement.com/dp/133171268,Not found (404),Spam URL - Need to set this to 410 and request for removal via GSC
https://www.parcelmanagement.com/dp/134258200,Not found (404),Spam URL - Need to set this to 410 and request for removal via GSC
https://www.parcelmanagement.com/dp/135087798,Not found (404),Spam URL - Need to set this to 410 and request for removal via GSC
https://www.parcelmanagement.com/dp/135163908,Not found (404),Spam URL - Need to set this to 410 and request for removal via GSC
https://www.parcelmanagement.com/dp/135777892,Server error (5xx),Spam URL - Need to set this to 410 and request for removal via GSC
https://www.parcelmanagement.com/dp/135919083,Indexed pages,Spam URL - Need to set this to 410 and request for removal via GSC
https://www.parcelmanagement.com/dp/135982243,Blocked by robots.txt,Spam URL - Need to set this to 410 and request for removal via GSC
https://www.parcelmanagement.com/dp/136186168,Not found (404),Spam URL - Need to set this to 410 and request for removal via GSC
https://www.parcelmanagement.com/dp/136251033,Server error (5xx),Spam URL - Need to set this to 410 and request for removal via GSC
https://www.parcelmanagement.com/dp/137449684,Not found (404),Spam URL - Need to set this to 410 and request for removal via GSC
https://www.parcelmanagement.com/dp/137526364,Server error (5xx),Spam URL - Need to set this to 410 and request for removal via GSC
https://www.parcelmanagement.com/dp/138327092,Server error (5xx),Spam URL - Need to set this to 410 and request for removal via GSC
https://www.parcelmanagement.com/dp/138368707,Indexed pages,Spam URL - Need to set this to 410 and request for removal via GSC
https://www.parcelmanagement.com/dp/138499685,Server error (5xx),Spam URL - Need to set this to 410 and request for removal via GSC
https://www.parcelmanagement.com/dp/141303937,Server error (5xx),Spam URL - Need to set this to 410 and request for removal via GSC
https://www.parcelmanagement.com/dp/14572186,Not found (404),Spam URL - Need to set this to 410 and request for removal via GSC
https://www.parcelmanagement.com/dp/146436869,Not found (404),Spam URL - Need to set this to 410 and request for removal via GSC
https://www.parcelmanagement.com/dp/146561111,Indexed pages,Spam URL - Need to set this to 410 and request for removal via GSC
https://www.parcelmanagement.com/dp/146624691,Not found (404),Spam URL - Need to set this to 410 and request for removal via GSC
https://www.parcelmanagement.com/dp/147733153,Indexed pages,Spam URL - Need to set this to 410 and request for removal via GSC
https://www.parcelmanagement.com/dp/147896491,Not found (404),Spam URL - Need to set this to 410 and request for removal via GSC
https://www.parcelmanagement.com/dp/148442608,Server error (5xx),Spam URL - Need to set this to 410 and request for removal via GSC
https://www.parcelmanagement.com/dp/148568889,Indexed pages,Spam URL - Need to set this to 410 and request for removal via GSC
https://www.parcelmanagement.com/dp/151227215,Not found (404),Spam URL - Need to set this to 410 and request for removal via GSC
https://www.parcelmanagement.com/dp/151227264,Server error (5xx),Spam URL - Need to set this to 410 and request for removal via GSC
https://www.parcelmanagement.com/dp/151594934,Not found (404),Spam URL - Need to set this to 410 and request for removal via GSC
https://www.parcelmanagement.com/dp/151826677,Not found (404),Spam URL - Need to set this to 410 and request for removal via GSC
https://www.parcelmanagement.com/dp/152052345,Not found (404),Spam URL - Need to set this to 410 and request for removal via GSC
https://www.parcelmanagement.com/dp/152442053,Indexed pages,Spam URL - Need to set this to 410 and request for removal via GSC
https://www.parcelmanagement.com/dp/153440825,Indexed pages,Spam URL - Need to set this to 410 and request for removal via GSC
https://www.parcelmanagement.com/dp/153626434,"Duplicate, Google chose different canonical than user",Spam URL - Need to set this to 410 and request for removal via GSC
https://www.parcelmanagement.com/dp/154099899,Indexed pages,Spam URL - Need to set this to 410 and request for removal via GSC
https://www.parcelmanagement.com/dp/154154674,Not found (404),Spam URL - Need to set this to 410 and request for removal via GSC
https://www.parcelmanagement.com/dp/154241305,Indexed pages,Spam URL - Need to set this to 410 and request for removal via GSC
https://www.parcelmanagement.com/dp/154373009,Not found (404),Spam URL - Need to set this to 410 and request for removal via GSC
https://www.parcelmanagement.com/dp/154824184,Not found (404),Spam URL - Need to set this to 410 and request for removal via GSC
https://www.parcelmanagement.com/dp/154828247,Server error (5xx),Spam URL - Need to set this to 410 and request for removal via GSC
https://www.parcelmanagement.com/dp/155273629,Not found (404),Spam URL - Need to set this to 410 and request for removal via GSC
https://www.parcelmanagement.com/dp/156342910,Not found (404),Spam URL - Need to set this to 410 and request for removal via GSC
https://www.parcelmanagement.com/dp/157153017,Not found (404),Spam URL - Need to set this to 410 and request for removal via GSC
https://www.parcelmanagement.com/dp/157299200,Not found (404),Spam URL - Need to set this to 410 and request for removal via GSC
https://www.parcelmanagement.com/dp/15856263,Indexed pages,Spam URL - Need to set this to 410 and request for removal via GSC
https://www.parcelmanagement.com/dp/161417546,Not found (404),Spam URL - Need to set this to 410 and request for removal via GSC
https://www.parcelmanagement.com/dp/1616410,Not found (404),Spam URL - Need to set this to 410 and request for removal via GSC
https://www.parcelmanagement.com/dp/161795280,Not found (404),Spam URL - Need to set this to 410 and request for removal via GSC
https://www.parcelmanagement.com/dp/162744759,Not found (404),Spam URL - Need to set this to 410 and request for removal via GSC
https://www.parcelmanagement.com/dp/163960998,Indexed pages,Spam URL - Need to set this to 410 and request for removal via GSC
https://www.parcelmanagement.com/dp/164949506,Not found (404),Spam URL - Need to set this to 410 and request for removal via GSC
https://www.parcelmanagement.com/dp/165953494,Indexed pages,Spam URL - Need to set this to 410 and request for removal via GSC
https://www.parcelmanagement.com/dp/166479712,Server error (5xx),Spam URL - Need to set this to 410 and request for removal via GSC
https://www.parcelmanagement.com/dp/1682433,Server error (5xx),Spam URL - Need to set this to 410 and request for removal via GSC
https://www.parcelmanagement.com/dp/16857458,Indexed pages,Spam URL - Need to set this to 410 and request for removal via GSC
https://www.parcelmanagement.com/dp/171549254,Server error (5xx),Spam URL - Need to set this to 410 and request for removal via GSC
https://www.parcelmanagement.com/dp/172509064,Indexed pages,Spam URL - Need to set this to 410 and request for removal via GSC
https://www.parcelmanagement.com/dp/172582221,Indexed pages,Spam URL - Need to set this to 410 and request for removal via GSC
https://www.parcelmanagement.com/dp/173432573,Not found (404),Spam URL - Need to set this to 410 and request for removal via GSC
https://www.parcelmanagement.com/dp/173882865,Indexed pages,Spam URL - Need to set this to 410 and request for removal via GSC
https://www.parcelmanagement.com/dp/173885866,Indexed pages,Spam URL - Need to set this to 410 and request for removal via GSC
https://www.parcelmanagement.com/dp/174770375,Not found (404),Spam URL - Need to set this to 410 and request for removal via GSC
https://www.parcelmanagement.com/dp/174856166,Not found (404),Spam URL - Need to set this to 410 and request for removal via GSC
https://www.parcelmanagement.com/dp/175550627,Server error (5xx),Spam URL - Need to set this to 410 and request for removal via GSC
https://www.parcelmanagement.com/dp/176646237,Indexed pages,Spam URL - Need to set this to 410 and request for removal via GSC
https://www.parcelmanagement.com/dp/176930310,Not found (404),Spam URL - Need to set this to 410 and request for removal via GSC
https://www.parcelmanagement.com/dp/181686187,Indexed pages,Spam URL - Need to set this to 410 and request for removal via GSC
https://www.parcelmanagement.com/dp/182353545,Indexed pages,Spam URL - Need to set this to 410 and request for removal via GSC
https://www.parcelmanagement.com/dp/183512502,Not found (404),Spam URL - Need to set this to 410 and request for removal via GSC
https://www.parcelmanagement.com/dp/184235357,Not found (404),Spam URL - Need to set this to 410 and request for removal via GSC
https://www.parcelmanagement.com/dp/184519358,Not found (404),Spam URL - Need to set this to 410 and request for removal via GSC
https://www.parcelmanagement.com/dp/184892647,Indexed pages,Spam URL - Need to set this to 410 and request for removal via GSC
https://www.parcelmanagement.com/dp/184976467,Indexed pages,Spam URL - Need to set this to 410 and request for removal via GSC
https://www.parcelmanagement.com/dp/185175947,Indexed pages,Spam URL - Need to set this to 410 and request for removal via GSC
https://www.parcelmanagement.com/dp/185333888,Not found (404),Spam URL - Need to set this to 410 and request for removal via GSC
https://www.parcelmanagement.com/dp/186011227,Indexed pages,Spam URL - Need to set this to 410 and request for removal via GSC
https://www.parcelmanagement.com/dp/186855528,Not found (404),Spam URL - Need to set this to 410 and request for removal via GSC
https://www.parcelmanagement.com/dp/187293598,Indexed pages,Spam URL - Need to set this to 410 and request for removal via GSC
https://www.parcelmanagement.com/dp/187590701,Blocked by robots.txt,Spam URL - Need to set this to 410 and request for removal via GSC
https://www.parcelmanagement.com/dp/18958456,Not found (404),Spam URL - Need to set this to 410 and request for removal via GSC
https://www.parcelmanagement.com/dp/191316378,Indexed pages,Spam URL - Need to set this to 410 and request for removal via GSC
https://www.parcelmanagement.com/dp/191512589,Indexed pages,Spam URL - Need to set this to 410 and request for removal via GSC
https://www.parcelmanagement.com/dp/192817361,Not found (404),Spam URL - Need to set this to 410 and request for removal via GSC
https://www.parcelmanagement.com/dp/193442792,Not found (404),Spam URL - Need to set this to 410 and request for removal via GSC
https://www.parcelmanagement.com/dp/193512243,Indexed pages,Spam URL - Need to set this to 410 and request for removal via GSC
https://www.parcelmanagement.com/dp/193997534,Indexed pages,Spam URL - Need to set this to 410 and request for removal via GSC
https://www.parcelmanagement.com/dp/194266411,Not found (404),Spam URL - Need to set this to 410 and request for removal via GSC
https://www.parcelmanagement.com/dp/195521870,Not found (404),Spam URL - Need to set this to 410 and request for removal via GSC
https://www.parcelmanagement.com/dp/195651818,Indexed pages,Spam URL - Need to set this to 410 and request for removal via GSC
https://www.parcelmanagement.com/dp/196241147,Blocked by robots.txt,Spam URL - Need to set this to 410 and request for removal via GSC
https://www.parcelmanagement.com/dp/196766494,Indexed pages,Spam URL - Need to set this to 410 and request for removal via GSC
https://www.parcelmanagement.com/dp/197334786,Indexed pages,Spam URL - Need to set this to 410 and request for removal via GSC
https://www.parcelmanagement.com/dp/197400829,Server error (5xx),Spam URL - Need to set this to 410 and request for removal via GSC
https://www.parcelmanagement.com/dp/197676606,Server error (5xx),Spam URL - Need to set this to 410 and request for removal via GSC
https://www.parcelmanagement.com/dp/198163420,Server error (5xx),Spam URL - Need to set this to 410 and request for removal via GSC
https://www.parcelmanagement.com/dp/19868301,Server error (5xx),Spam URL - Need to set this to 410 and request for removal via GSC
https://www.parcelmanagement.com/dp/1a1326957,Indexed pages,Spam URL - Need to set this to 410 and request for removal via GSC
https://www.parcelmanagement.com/dp/1a2138749,Indexed pages,Spam URL - Need to set this to 410 and request for removal via GSC
https://www.parcelmanagement.com/dp/1a2388629,Indexed pages,Spam URL - Need to set this to 410 and request for removal via GSC
https://www.parcelmanagement.com/dp/1a2471766,Server error (5xx),Spam URL - Need to set this to 410 and request for removal via GSC
https://www.parcelmanagement.com/dp/1a259237,Indexed pages,Spam URL - Need to set this to 410 and request for removal via GSC
https://www.parcelmanagement.com/dp/1a334533,Indexed pages,Spam URL - Need to set this to 410 and request for removal via GSC
https://www.parcelmanagement.com/dp/1a3471678,Not found (404),Spam URL - Need to set this to 410 and request for removal via GSC
https://www.parcelmanagement.com/dp/1a6144252,Not found (404),Spam URL - Need to set this to 410 and request for removal via GSC
https://www.parcelmanagement.com/dp/1a6223425,Not found (404),Spam URL - Need to set this to 410 and request for removal via GSC
https://www.parcelmanagement.com/dp/1b1777247,Not found (404),Spam URL - Need to set this to 410 and request for removal via GSC
https://www.parcelmanagement.com/dp/1b5202490,Not found (404),Spam URL - Need to set this to 410 and request for removal via GSC
https://www.parcelmanagement.com/dp/1b5950324,Not found (404),Spam URL - Need to set this to 410 and request for removal via GSC
https://www.parcelmanagement.com/dp/1b6534810,Not found (404),Spam URL - Need to set this to 410 and request for removal via GSC
https://www.parcelmanagement.com/dp/1b6808300,Not found (404),Spam URL - Need to set this to 410 and request for removal via GSC
https://www.parcelmanagement.com/dp/1b7342581,Not found (404),Spam URL - Need to set this to 410 and request for removal via GSC
https://www.parcelmanagement.com/dp/1b7780494,Not found (404),Spam URL - Need to set this to 410 and request for removal via GSC
https://www.parcelmanagement.com/dp/1c1076695,Indexed pages,Spam URL - Need to set this to 410 and request for removal via GSC
https://www.parcelmanagement.com/dp/1c155099,Indexed pages,Spam URL - Need to set this to 410 and request for removal via GSC
https://www.parcelmanagement.com/dp/1c1555625,Server error (5xx),Spam URL - Need to set this to 410 and request for removal via GSC
https://www.parcelmanagement.com/dp/1c1997009,Not found (404),Spam URL - Need to set this to 410 and request for removal via GSC
https://www.parcelmanagement.com/dp/1c2757101,Server error (5xx),Spam URL - Need to set this to 410 and request for removal via GSC
https://www.parcelmanagement.com/dp/1c3685365,Server error (5xx),Spam URL - Need to set this to 410 and request for removal via GSC
https://www.parcelmanagement.com/dp/1c4961611,Indexed pages,Spam URL - Need to set this to 410 and request for removal via GSC
https://www.parcelmanagement.com/dp/1d1554513,Not found (404),Spam URL - Need to set this to 410 and request for removal via GSC
https://www.parcelmanagement.com/dp/1d2166213,Server error (5xx),Spam URL - Need to set this to 410 and request for removal via GSC
https://www.parcelmanagement.com/dp/1d7722216,Server error (5xx),Spam URL - Need to set this to 410 and request for removal via GSC
https://www.parcelmanagement.com/dp/1e2904778,Not found (404),Spam URL - Need to set this to 410 and request for removal via GSC
https://www.parcelmanagement.com/dp/1e6182857,Not found (404),Spam URL - Need to set this to 410 and request for removal via GSC
https://www.parcelmanagement.com/dp/1e7303586,Not found (404),Spam URL - Need to set this to 410 and request for removal via GSC
https://www.parcelmanagement.com/dp/1e7571277,Not found (404),Spam URL - Need to set this to 410 and request for removal via GSC
https://www.parcelmanagement.com/dp/1e7746993,Not found (404),Spam URL - Need to set this to 410 and request for removal via GSC
https://www.parcelmanagement.com/dp/1e8254264,Not found (404),Spam URL - Need to set this to 410 and request for removal via GSC
https://www.parcelmanagement.com/dp/1e8427349,Server error (5xx),Spam URL - Need to set this to 410 and request for removal via GSC
https://www.parcelmanagement.com/dp/1f1230177,Not found (404),Spam URL - Need to set this to 410 and request for removal via GSC
https://www.parcelmanagement.com/dp/1f2759006,Indexed pages,Spam URL - Need to set this to 410 and request for removal via GSC
https://www.parcelmanagement.com/dp/1f3688831,Server error (5xx),Spam URL - Need to set this to 410 and request for removal via GSC
https://www.parcelmanagement.com/dp/1f3732951,Not found (404),Spam URL - Need to set this to 410 and request for removal via GSC
https://www.parcelmanagement.com/dp/1f4039367,Server error (5xx),Spam URL - Need to set this to 410 and request for removal via GSC
https://www.parcelmanagement.com/dp/1f4191855,Indexed pages,Spam URL - Need to set this to 410 and request for removal via GSC
https://www.parcelmanagement.com/dp/1f4325738,Indexed pages,Spam URL - Need to set this to 410 and request for removal via GSC
https://www.parcelmanagement.com/dp/1f4568601,Indexed pages,Spam URL - Need to set this to 410 and request for removal via GSC
https://www.parcelmanagement.com/dp/1f4809964,Server error (5xx),Spam URL - Need to set this to 410 and request for removal via GSC
https://www.parcelmanagement.com/dp/1f5141385,Not found (404),Spam URL - Need to set this to 410 and request for removal via GSC
https://www.parcelmanagement.com/dp/1f6192236,Indexed pages,Spam URL - Need to set this to 410 and request for removal via GSC
https://www.parcelmanagement.com/dp/201049456,Server error (5xx),Spam URL - Need to set this to 410 and request for removal via GSC
https://www.parcelmanagement.com/dp/201066461,Not found (404),Spam URL - Need to set this to 410 and request for removal via GSC
https://www.parcelmanagement.com/dp/201959080,Not found (404),Spam URL - Need to set this to 410 and request for removal via GSC
https://www.parcelmanagement.com/dp/20261960,Indexed pages,Spam URL - Need to set this to 410 and request for removal via GSC
https://www.parcelmanagement.com/dp/203279093,Indexed pages,Spam URL - Need to set this to 410 and request for removal via GSC
https://www.parcelmanagement.com/dp/203376026,Indexed pages,Spam URL - Need to set this to 410 and request for removal via GSC
https://www.parcelmanagement.com/dp/203449876,Indexed pages,Spam URL - Need to set this to 410 and request for removal via GSC
https://www.parcelmanagement.com/dp/203607680,Indexed pages,Spam URL - Need to set this to 410 and request for removal via GSC
https://www.parcelmanagement.com/dp/204772681,Not found (404),Spam URL - Need to set this to 410 and request for removal via GSC
https://www.parcelmanagement.com/dp/204864250,Not found (404),Spam URL - Need to set this to 410 and request for removal via GSC
https://www.parcelmanagement.com/dp/20490498,Indexed pages,Spam URL - Need to set this to 410 and request for removal via GSC
https://www.parcelmanagement.com/dp/205155122,Indexed pages,Spam URL - Need to set this to 410 and request for removal via GSC
https://www.parcelmanagement.com/dp/205817193,Server error (5xx),Spam URL - Need to set this to 410 and request for removal via GSC
https://www.parcelmanagement.com/dp/205934915,Not found (404),Spam URL - Need to set this to 410 and request for removal via GSC
https://www.parcelmanagement.com/dp/206722314,Blocked by robots.txt,Spam URL - Need to set this to 410 and request for removal via GSC
https://www.parcelmanagement.com/dp/207048734,Indexed pages,Spam URL - Need to set this to 410 and request for removal via GSC
https://www.parcelmanagement.com/dp/207290281,Not found (404),Spam URL - Need to set this to 410 and request for removal via GSC
https://www.parcelmanagement.com/dp/207754067,Not found (404),Spam URL - Need to set this to 410 and request for removal via GSC
https://www.parcelmanagement.com/dp/207849971,Indexed pages,Spam URL - Need to set this to 410 and request for removal via GSC
https://www.parcelmanagement.com/dp/207964624,Not found (404),Spam URL - Need to set this to 410 and request for removal via GSC
https://www.parcelmanagement.com/dp/208208864,Indexed pages,Spam URL - Need to set this to 410 and request for removal via GSC
https://www.parcelmanagement.com/dp/208286412,Not found (404),Spam URL - Need to set this to 410 and request for removal via GSC
https://www.parcelmanagement.com/dp/211152249,Server error (5xx),Spam URL - Need to set this to 410 and request for removal via GSC
https://www.parcelmanagement.com/dp/212002055,Server error (5xx),Spam URL - Need to set this to 410 and request for removal via GSC
https://www.parcelmanagement.com/dp/212804519,Not found (404),Spam URL - Need to set this to 410 and request for removal via GSC
https://www.parcelmanagement.com/dp/21287326,Blocked by robots.txt,Spam URL - Need to set this to 410 and request for removal via GSC
https://www.parcelmanagement.com/dp/213288011,Not found (404),Spam URL - Need to set this to 410 and request for removal via GSC
https://www.parcelmanagement.com/dp/214059047,Not found (404),Spam URL - Need to set this to 410 and request for removal via GSC
https://www.parcelmanagement.com/dp/21427866,Server error (5xx),Spam URL - Need to set this to 410 and request for removal via GSC
https://www.parcelmanagement.com/dp/215474258,Indexed pages,Spam URL - Need to set this to 410 and request for removal via GSC
https://www.parcelmanagement.com/dp/215908178,Server error (5xx),Spam URL - Need to set this to 410 and request for removal via GSC
https://www.parcelmanagement.com/dp/216292560,Indexed pages,Spam URL - Need to set this to 410 and request for removal via GSC
https://www.parcelmanagement.com/dp/216413326,Not found (404),Spam URL - Need to set this to 410 and request for removal via GSC
https://www.parcelmanagement.com/dp/216505195,Not found (404),Spam URL - Need to set this to 410 and request for removal via GSC
https://www.parcelmanagement.com/dp/216647521,Not found (404),Spam URL - Need to set this to 410 and request for removal via GSC
https://www.parcelmanagement.com/dp/217216391,Server error (5xx),Spam URL - Need to set this to 410 and request for removal via GSC
https://www.parcelmanagement.com/dp/217394614,Server error (5xx),Spam URL - Need to set this to 410 and request for removal via GSC
https://www.parcelmanagement.com/dp/217484662,Server error (5xx),Spam URL - Need to set this to 410 and request for removal via GSC
https://www.parcelmanagement.com/dp/217915085,Server error (5xx),Spam URL - Need to set this to 410 and request for removal via GSC
https://www.parcelmanagement.com/dp/218559596,Not found (404),Spam URL - Need to set this to 410 and request for removal via GSC
https://www.parcelmanagement.com/dp/221671517,Not found (404),Spam URL - Need to set this to 410 and request for removal via GSC
https://www.parcelmanagement.com/dp/221690000,Indexed pages,Spam URL - Need to set this to 410 and request for removal via GSC
https://www.parcelmanagement.com/dp/222045716,Indexed pages,Spam URL - Need to set this to 410 and request for removal via GSC
https://www.parcelmanagement.com/dp/222817504,Server error (5xx),Spam URL - Need to set this to 410 and request for removal via GSC
https://www.parcelmanagement.com/dp/223335310,Indexed pages,Spam URL - Need to set this to 410 and request for removal via GSC
https://www.parcelmanagement.com/dp/223432663,Not found (404),Spam URL - Need to set this to 410 and request for removal via GSC
https://www.parcelmanagement.com/dp/223657639,Indexed pages,Spam URL - Need to set this to 410 and request for removal via GSC
https://www.parcelmanagement.com/dp/223978964,Indexed pages,Spam URL - Need to set this to 410 and request for removal via GSC
https://www.parcelmanagement.com/dp/224007629,Not found (404),Spam URL - Need to set this to 410 and request for removal via GSC
https://www.parcelmanagement.com/dp/224822123,Not found (404),Spam URL - Need to set this to 410 and request for removal via GSC
https://www.parcelmanagement.com/dp/2249658,Indexed pages,Spam URL - Need to set this to 410 and request for removal via GSC
https://www.parcelmanagement.com/dp/225025979,Blocked by robots.txt,Spam URL - Need to set this to 410 and request for removal via GSC
https://www.parcelmanagement.com/dp/225209404,Not found (404),Spam URL - Need to set this to 410 and request for removal via GSC
https://www.parcelmanagement.com/dp/225527035,Not found (404),Spam URL - Need to set this to 410 and request for removal via GSC
https://www.parcelmanagement.com/dp/226328488,Not found (404),Spam URL - Need to set this to 410 and request for removal via GSC
https://www.parcelmanagement.com/dp/227239177,Not found (404),Spam URL - Need to set this to 410 and request for removal via GSC
https://www.parcelmanagement.com/dp/227467861,Server error (5xx),Spam URL - Need to set this to 410 and request for removal via GSC
https://www.parcelmanagement.com/dp/228011205,Server error (5xx),Spam URL - Need to set this to 410 and request for removal via GSC
https://www.parcelmanagement.com/dp/22860210,Indexed pages,Spam URL - Need to set this to 410 and request for removal via GSC
https://www.parcelmanagement.com/dp/231628179,Blocked by robots.txt,Spam URL - Need to set this to 410 and request for removal via GSC
https://www.parcelmanagement.com/dp/231835035,Indexed pages,Spam URL - Need to set this to 410 and request for removal via GSC
https://www.parcelmanagement.com/dp/234049737,Not found (404),Spam URL - Need to set this to 410 and request for removal via GSC
https://www.parcelmanagement.com/dp/236430128,Not found (404),Spam URL - Need to set this to 410 and request for removal via GSC
https://www.parcelmanagement.com/dp/236658770,Server error (5xx),Spam URL - Need to set this to 410 and request for removal via GSC
https://www.parcelmanagement.com/dp/237209533,Not found (404),Spam URL - Need to set this to 410 and request for removal via GSC
https://www.parcelmanagement.com/dp/237328364,Indexed pages,Spam URL - Need to set this to 410 and request for removal via GSC
https://www.parcelmanagement.com/dp/237883027,Not found (404),Spam URL - Need to set this to 410 and request for removal via GSC
https://www.parcelmanagement.com/dp/238158920,Indexed pages,Spam URL - Need to set this to 410 and request for removal via GSC
https://www.parcelmanagement.com/dp/241313426,Server error (5xx),Spam URL - Need to set this to 410 and request for removal via GSC
https://www.parcelmanagement.com/dp/241793823,Server error (5xx),Spam URL - Need to set this to 410 and request for removal via GSC
https://www.parcelmanagement.com/dp/243114445,Blocked by robots.txt,Spam URL - Need to set this to 410 and request for removal via GSC
https://www.parcelmanagement.com/dp/243307893,Server error (5xx),Spam URL - Need to set this to 410 and request for removal via GSC
https://www.parcelmanagement.com/dp/243818407,Indexed pages,Spam URL - Need to set this to 410 and request for removal via GSC
https://www.parcelmanagement.com/dp/244079166,Not found (404),Spam URL - Need to set this to 410 and request for removal via GSC
https://www.parcelmanagement.com/dp/244360578,Not found (404),Spam URL - Need to set this to 410 and request for removal via GSC
https://www.parcelmanagement.com/dp/245420639,Not found (404),Spam URL - Need to set this to 410 and request for removal via GSC
https://www.parcelmanagement.com/dp/245450497,Indexed pages,Spam URL - Need to set this to 410 and request for removal via GSC
https://www.parcelmanagement.com/dp/246051351,Not found (404),Spam URL - Need to set this to 410 and request for removal via GSC
https://www.parcelmanagement.com/dp/24835173,Indexed pages,Spam URL - Need to set this to 410 and request for removal via GSC
https://www.parcelmanagement.com/dp/252947087,Blocked by robots.txt,Spam URL - Need to set this to 410 and request for removal via GSC
https://www.parcelmanagement.com/dp/253496029,Not found (404),Spam URL - Need to set this to 410 and request for removal via GSC
https://www.parcelmanagement.com/dp/253512742,Server error (5xx),Spam URL - Need to set this to 410 and request for removal via GSC
https://www.parcelmanagement.com/dp/253988401,Blocked by robots.txt,Spam URL - Need to set this to 410 and request for removal via GSC
https://www.parcelmanagement.com/dp/25534606,Indexed pages,Spam URL - Need to set this to 410 and request for removal via GSC
https://www.parcelmanagement.com/dp/255349856,Server error (5xx),Spam URL - Need to set this to 410 and request for removal via GSC
https://www.parcelmanagement.com/dp/25603814,Indexed pages,Spam URL - Need to set this to 410 and request for removal via GSC
https://www.parcelmanagement.com/dp/256177473,Not found (404),Spam URL - Need to set this to 410 and request for removal via GSC
https://www.parcelmanagement.com/dp/256434533,Indexed pages,Spam URL - Need to set this to 410 and request for removal via GSC
https://www.parcelmanagement.com/dp/256637000,Indexed pages,Spam URL - Need to set this to 410 and request for removal via GSC
https://www.parcelmanagement.com/dp/25686890,Indexed pages,Spam URL - Need to set this to 410 and request for removal via GSC
https://www.parcelmanagement.com/dp/257204199,Server error (5xx),Spam URL - Need to set this to 410 and request for removal via GSC
https://www.parcelmanagement.com/dp/25736156,Not found (404),Spam URL - Need to set this to 410 and request for removal via GSC
https://www.parcelmanagement.com/dp/257569616,Indexed pages,Spam URL - Need to set this to 410 and request for removal via GSC
https://www.parcelmanagement.com/dp/258236906,Not found (404),Spam URL - Need to set this to 410 and request for removal via GSC
https://www.parcelmanagement.com/dp/258549188,Server error (5xx),Spam URL - Need to set this to 410 and request for removal via GSC
https://www.parcelmanagement.com/dp/2589808,Indexed pages,Spam URL - Need to set this to 410 and request for removal via GSC
https://www.parcelmanagement.com/dp/261617545,Not found (404),Spam URL - Need to set this to 410 and request for removal via GSC
https://www.parcelmanagement.com/dp/262293141,Not found (404),Spam URL - Need to set this to 410 and request for removal via GSC
https://www.parcelmanagement.com/dp/262426773,Indexed pages,Spam URL - Need to set this to 410 and request for removal via GSC
https://www.parcelmanagement.com/dp/262708916,Server error (5xx),Spam URL - Need to set this to 410 and request for removal via GSC
https://www.parcelmanagement.com/dp/263013585,Indexed pages,Spam URL - Need to set this to 410 and request for removal via GSC
https://www.parcelmanagement.com/dp/263017344,Not found (404),Spam URL - Need to set this to 410 and request for removal via GSC
https://www.parcelmanagement.com/dp/263064008,Indexed pages,Spam URL - Need to set this to 410 and request for removal via GSC
https://www.parcelmanagement.com/dp/263273007,Indexed pages,Spam URL - Need to set this to 410 and request for removal via GSC
https://www.parcelmanagement.com/dp/263611414,Server error (5xx),Spam URL - Need to set this to 410 and request for removal via GSC
https://www.parcelmanagement.com/dp/264781086,Not found (404),Spam URL - Need to set this to 410 and request for removal via GSC
https://www.parcelmanagement.com/dp/265156902,Indexed pages,Spam URL - Need to set this to 410 and request for removal via GSC
https://www.parcelmanagement.com/dp/265206495,Not found (404),Spam URL - Need to set this to 410 and request for removal via GSC
https://www.parcelmanagement.com/dp/266134429,Indexed pages,Spam URL - Need to set this to 410 and request for removal via GSC
https://www.parcelmanagement.com/dp/266135524,Not found (404),Spam URL - Need to set this to 410 and request for removal via GSC
https://www.parcelmanagement.com/dp/266296571,Indexed pages,Spam URL - Need to set this to 410 and request for removal via GSC
https://www.parcelmanagement.com/dp/266344842,Indexed pages,Spam URL - Need to set this to 410 and request for removal via GSC
https://www.parcelmanagement.com/dp/266917634,Not found (404),Spam URL - Need to set this to 410 and request for removal via GSC
https://www.parcelmanagement.com/dp/26731748,Not found (404),Spam URL - Need to set this to 410 and request for removal via GSC
https://www.parcelmanagement.com/dp/271300973,Indexed pages,Spam URL - Need to set this to 410 and request for removal via GSC
https://www.parcelmanagement.com/dp/271728188,Crawled - currently not indexed,Spam URL - Need to set this to 410 and request for removal via GSC
https://www.parcelmanagement.com/dp/27212596,Blocked by robots.txt,Spam URL - Need to set this to 410 and request for removal via GSC
https://www.parcelmanagement.com/dp/27295377,Indexed pages,Spam URL - Need to set this to 410 and request for removal via GSC
https://www.parcelmanagement.com/dp/272974983,Indexed pages,Spam URL - Need to set this to 410 and request for removal via GSC
https://www.parcelmanagement.com/dp/273665601,Indexed pages,Spam URL - Need to set this to 410 and request for removal via GSC
https://www.parcelmanagement.com/dp/274351796,Not found (404),Spam URL - Need to set this to 410 and request for removal via GSC
https://www.parcelmanagement.com/dp/274461941,Indexed pages,Spam URL - Need to set this to 410 and request for removal via GSC
https://www.parcelmanagement.com/dp/274549968,Indexed pages,Spam URL - Need to set this to 410 and request for removal via GSC
https://www.parcelmanagement.com/dp/274748812,Not found (404),Spam URL - Need to set this to 410 and request for removal via GSC
https://www.parcelmanagement.com/dp/276635231,Indexed pages,Spam URL - Need to set this to 410 and request for removal via GSC
https://www.parcelmanagement.com/dp/276712178,Indexed pages,Spam URL - Need to set this to 410 and request for removal via GSC
https://www.parcelmanagement.com/dp/276851109,Not found (404),Spam URL - Need to set this to 410 and request for removal via GSC
https://www.parcelmanagement.com/dp/276886818,Not found (404),Spam URL - Need to set this to 410 and request for removal via GSC
https://www.parcelmanagement.com/dp/276997242,Not found (404),Spam URL - Need to set this to 410 and request for removal via GSC
https://www.parcelmanagement.com/dp/277028471,Crawled - currently not indexed,Spam URL - Need to set this to 410 and request for removal via GSC
https://www.parcelmanagement.com/dp/2771661,Indexed pages,Spam URL - Need to set this to 410 and request for removal via GSC
https://www.parcelmanagement.com/dp/277747816,Not found (404),Spam URL - Need to set this to 410 and request for removal via GSC
https://www.parcelmanagement.com/dp/277951082,Indexed pages,Spam URL - Need to set this to 410 and request for removal via GSC
https://www.parcelmanagement.com/dp/2788638,Server error (5xx),Spam URL - Need to set this to 410 and request for removal via GSC
https://www.parcelmanagement.com/dp/281235351,Server error (5xx),Spam URL - Need to set this to 410 and request for removal via GSC
https://www.parcelmanagement.com/dp/281401089,Indexed pages,Spam URL - Need to set this to 410 and request for removal via GSC
https://www.parcelmanagement.com/dp/281658423,Not found (404),Spam URL - Need to set this to 410 and request for removal via GSC
https://www.parcelmanagement.com/dp/281684305,Server error (5xx),Spam URL - Need to set this to 410 and request for removal via GSC
https://www.parcelmanagement.com/dp/281797799,Not found (404),Spam URL - Need to set this to 410 and request for removal via GSC
https://www.parcelmanagement.com/dp/282264448,Not found (404),Spam URL - Need to set this to 410 and request for removal via GSC
https://www.parcelmanagement.com/dp/282493666,Indexed pages,Spam URL - Need to set this to 410 and request for removal via GSC
https://www.parcelmanagement.com/dp/28306771,Indexed pages,Spam URL - Need to set this to 410 and request for removal via GSC
https://www.parcelmanagement.com/dp/283551645,Not found (404),Spam URL - Need to set this to 410 and request for removal via GSC
https://www.parcelmanagement.com/dp/283963881,Indexed pages,Spam URL - Need to set this to 410 and request for removal via GSC
https://www.parcelmanagement.com/dp/284054225,Indexed pages,Spam URL - Need to set this to 410 and request for removal via GSC
https://www.parcelmanagement.com/dp/284706423,Not found (404),Spam URL - Need to set this to 410 and request for removal via GSC
https://www.parcelmanagement.com/dp/286211968,Not found (404),Spam URL - Need to set this to 410 and request for removal via GSC
https://www.parcelmanagement.com/dp/286298208,Blocked by robots.txt,Spam URL - Need to set this to 410 and request for removal via GSC
https://www.parcelmanagement.com/dp/287171939,Indexed pages,Spam URL - Need to set this to 410 and request for removal via GSC
https://www.parcelmanagement.com/dp/287210338,Not found (404),Spam URL - Need to set this to 410 and request for removal via GSC
https://www.parcelmanagement.com/dp/287798711,Indexed pages,Spam URL - Need to set this to 410 and request for removal via GSC
https://www.parcelmanagement.com/dp/291337618,Indexed pages,Spam URL - Need to set this to 410 and request for removal via GSC
https://www.parcelmanagement.com/dp/292711287,Server error (5xx),Spam URL - Need to set this to 410 and request for removal via GSC
https://www.parcelmanagement.com/dp/293051807,Indexed pages,Spam URL - Need to set this to 410 and request for removal via GSC
https://www.parcelmanagement.com/dp/293723567,Server error (5xx),Spam URL - Need to set this to 410 and request for removal via GSC
https://www.parcelmanagement.com/dp/29376709,Indexed pages,Spam URL - Need to set this to 410 and request for removal via GSC
https://www.parcelmanagement.com/dp/294123245,Not found (404),Spam URL - Need to set this to 410 and request for removal via GSC
https://www.parcelmanagement.com/dp/294277572,Indexed pages,Spam URL - Need to set this to 410 and request for removal via GSC
https://www.parcelmanagement.com/dp/294286283,Server error (5xx),Spam URL - Need to set this to 410 and request for removal via GSC
https://www.parcelmanagement.com/dp/29466783,Indexed pages,Spam URL - Need to set this to 410 and request for removal via GSC
https://www.parcelmanagement.com/dp/295500850,Server error (5xx),Spam URL - Need to set this to 410 and request for removal via GSC
https://www.parcelmanagement.com/dp/295621603,Indexed pages,Spam URL - Need to set this to 410 and request for removal via GSC
https://www.parcelmanagement.com/dp/296238700,Indexed pages,Spam URL - Need to set this to 410 and request for removal via GSC
https://www.parcelmanagement.com/dp/29634806,Not found (404),Spam URL - Need to set this to 410 and request for removal via GSC
https://www.parcelmanagement.com/dp/296767185,Server error (5xx),Spam URL - Need to set this to 410 and request for removal via GSC
https://www.parcelmanagement.com/dp/296997368,Server error (5xx),Spam URL - Need to set this to 410 and request for removal via GSC
https://www.parcelmanagement.com/dp/297344770,Indexed pages,Spam URL - Need to set this to 410 and request for removal via GSC
https://www.parcelmanagement.com/dp/29848268,Server error (5xx),Spam URL - Need to set this to 410 and request for removal via GSC
https://www.parcelmanagement.com/dp/2a2438609,Indexed pages,Spam URL - Need to set this to 410 and request for removal via GSC
https://www.parcelmanagement.com/dp/2b144692,Indexed pages,Spam URL - Need to set this to 410 and request for removal via GSC
https://www.parcelmanagement.com/dp/2b1946165,Server error (5xx),Spam URL - Need to set this to 410 and request for removal via GSC
https://www.parcelmanagement.com/dp/2b4957708,Indexed pages,Spam URL - Need to set this to 410 and request for removal via GSC
https://www.parcelmanagement.com/dp/2b6509137,Not found (404),Spam URL - Need to set this to 410 and request for removal via GSC
https://www.parcelmanagement.com/dp/2b6551116,Indexed pages,Spam URL - Need to set this to 410 and request for removal via GSC
https://www.parcelmanagement.com/dp/2b7336324,Not found (404),Spam URL - Need to set this to 410 and request for removal via GSC
https://www.parcelmanagement.com/dp/2c1655716,Not found (404),Spam URL - Need to set this to 410 and request for removal via GSC
https://www.parcelmanagement.com/dp/2c1715377,Not found (404),Spam URL - Need to set this to 410 and request for removal via GSC
https://www.parcelmanagement.com/dp/2c225132,Server error (5xx),Spam URL - Need to set this to 410 and request for removal via GSC
https://www.parcelmanagement.com/dp/2c3790243,Indexed pages,Spam URL - Need to set this to 410 and request for removal via GSC
https://www.parcelmanagement.com/dp/2c4201551,Indexed pages,Spam URL - Need to set this to 410 and request for removal via GSC
https://www.parcelmanagement.com/dp/2c5468226,Server error (5xx),Spam URL - Need to set this to 410 and request for removal via GSC
https://www.parcelmanagement.com/dp/2c8353713,Not found (404),Spam URL - Need to set this to 410 and request for removal via GSC
https://www.parcelmanagement.com/dp/2d4187693,Not found (404),Spam URL - Need to set this to 410 and request for removal via GSC
https://www.parcelmanagement.com/dp/2d4309304,Indexed pages,Spam URL - Need to set this to 410 and request for removal via GSC
https://www.parcelmanagement.com/dp/2d940044,Not found (404),Spam URL - Need to set this to 410 and request for removal via GSC
https://www.parcelmanagement.com/dp/2e1835419,Blocked by robots.txt,Spam URL - Need to set this to 410 and request for removal via GSC
https://www.parcelmanagement.com/dp/2e2189732,Not found (404),Spam URL - Need to set this to 410 and request for removal via GSC
https://www.parcelmanagement.com/dp/2e2354886,Indexed pages,Spam URL - Need to set this to 410 and request for removal via GSC
https://www.parcelmanagement.com/dp/2e3722779,Blocked by robots.txt,Spam URL - Need to set this to 410 and request for removal via GSC
https://www.parcelmanagement.com/dp/2e5333915,Not found (404),Spam URL - Need to set this to 410 and request for removal via GSC
https://www.parcelmanagement.com/dp/2e7610357,Indexed pages,Spam URL - Need to set this to 410 and request for removal via GSC
https://www.parcelmanagement.com/dp/2f1405988,Server error (5xx),Spam URL - Need to set this to 410 and request for removal via GSC
https://www.parcelmanagement.com/dp/2f191414,Indexed pages,Spam URL - Need to set this to 410 and request for removal via GSC
https://www.parcelmanagement.com/dp/2f2074918,Not found (404),Spam URL - Need to set this to 410 and request for removal via GSC
https://www.parcelmanagement.com/dp/2f2167732,Indexed pages,Spam URL - Need to set this to 410 and request for removal via GSC
https://www.parcelmanagement.com/dp/2f3629449,Indexed pages,Spam URL - Need to set this to 410 and request for removal via GSC
https://www.parcelmanagement.com/dp/2f3801034,Indexed pages,Spam URL - Need to set this to 410 and request for removal via GSC
https://www.parcelmanagement.com/dp/2f5023227,Indexed pages,Spam URL - Need to set this to 410 and request for removal via GSC
https://www.parcelmanagement.com/dp/2f5255832,Server error (5xx),Spam URL - Need to set this to 410 and request for removal via GSC
https://www.parcelmanagement.com/dp/2f5498618,Indexed pages,Spam URL - Need to set this to 410 and request for removal via GSC
https://www.parcelmanagement.com/dp/2f5833429,Indexed pages,Spam URL - Need to set this to 410 and request for removal via GSC
https://www.parcelmanagement.com/dp/2f6872640,Not found (404),Spam URL - Need to set this to 410 and request for removal via GSC
https://www.parcelmanagement.com/dp/2f7798501,Server error (5xx),Spam URL - Need to set this to 410 and request for removal via GSC
https://www.parcelmanagement.com/dp/2f8000287,Indexed pages,Spam URL - Need to set this to 410 and request for removal via GSC
https://www.parcelmanagement.com/dp/2f8628156,Indexed pages,Spam URL - Need to set this to 410 and request for removal via GSC
https://www.parcelmanagement.com/dp/301068455,Indexed pages,Spam URL - Need to set this to 410 and request for removal via GSC
https://www.parcelmanagement.com/dp/301620340,Not found (404),Spam URL - Need to set this to 410 and request for removal via GSC
https://www.parcelmanagement.com/dp/301949671,Not found (404),Spam URL - Need to set this to 410 and request for removal via GSC
https://www.parcelmanagement.com/dp/302004393,Server error (5xx),Spam URL - Need to set this to 410 and request for removal via GSC
https://www.parcelmanagement.com/dp/302090288,Server error (5xx),Spam URL - Need to set this to 410 and request for removal via GSC
https://www.parcelmanagement.com/dp/30240296,Blocked by robots.txt,Spam URL - Need to set this to 410 and request for removal via GSC
https://www.parcelmanagement.com/dp/302405871,Server error (5xx),Spam URL - Need to set this to 410 and request for removal via GSC
https://www.parcelmanagement.com/dp/303147527,Indexed pages,Spam URL - Need to set this to 410 and request for removal via GSC
https://www.parcelmanagement.com/dp/304353603,Indexed pages,Spam URL - Need to set this to 410 and request for removal via GSC
https://www.parcelmanagement.com/dp/304389784,Not found (404),Spam URL - Need to set this to 410 and request for removal via GSC
https://www.parcelmanagement.com/dp/305279065,Indexed pages,Spam URL - Need to set this to 410 and request for removal via GSC
https://www.parcelmanagement.com/dp/305678841,Blocked by robots.txt,Spam URL - Need to set this to 410 and request for removal via GSC
https://www.parcelmanagement.com/dp/305888651,Server error (5xx),Spam URL - Need to set this to 410 and request for removal via GSC
https://www.parcelmanagement.com/dp/306208525,Indexed pages,Spam URL - Need to set this to 410 and request for removal via GSC
https://www.parcelmanagement.com/dp/306367705,Not found (404),Spam URL - Need to set this to 410 and request for removal via GSC
https://www.parcelmanagement.com/dp/306432448,Not found (404),Spam URL - Need to set this to 410 and request for removal via GSC
https://www.parcelmanagement.com/dp/306483338,Indexed pages,Spam URL - Need to set this to 410 and request for removal via GSC
https://www.parcelmanagement.com/dp/307210177,Not found (404),Spam URL - Need to set this to 410 and request for removal via GSC
https://www.parcelmanagement.com/dp/307702910,Indexed pages,Spam URL - Need to set this to 410 and request for removal via GSC
https://www.parcelmanagement.com/dp/308379194,Not found (404),Spam URL - Need to set this to 410 and request for removal via GSC
https://www.parcelmanagement.com/dp/311163100,Indexed pages,Spam URL - Need to set this to 410 and request for removal via GSC
https://www.parcelmanagement.com/dp/312668087,Server error (5xx),Spam URL - Need to set this to 410 and request for removal via GSC
https://www.parcelmanagement.com/dp/313329763,Indexed pages,Spam URL - Need to set this to 410 and request for removal via GSC
https://www.parcelmanagement.com/dp/314438800,Not found (404),Spam URL - Need to set this to 410 and request for removal via GSC
https://www.parcelmanagement.com/dp/314573992,Not found (404),Spam URL - Need to set this to 410 and request for removal via GSC
https://www.parcelmanagement.com/dp/315953048,Not found (404),Spam URL - Need to set this to 410 and request for removal via GSC
https://www.parcelmanagement.com/dp/316672193,Not found (404),Spam URL - Need to set this to 410 and request for removal via GSC
https://www.parcelmanagement.com/dp/316970682,Not found (404),Spam URL - Need to set this to 410 and request for removal via GSC
https://www.parcelmanagement.com/dp/317332320,Server error (5xx),Spam URL - Need to set this to 410 and request for removal via GSC
https://www.parcelmanagement.com/dp/317524067,Indexed pages,Spam URL - Need to set this to 410 and request for removal via GSC
https://www.parcelmanagement.com/dp/317752680,Not found (404),Spam URL - Need to set this to 410 and request for removal via GSC
https://www.parcelmanagement.com/dp/321454771,Not found (404),Spam URL - Need to set this to 410 and request for removal via GSC
https://www.parcelmanagement.com/dp/322332709,Indexed pages,Spam URL - Need to set this to 410 and request for removal via GSC
https://www.parcelmanagement.com/dp/322750903,Not found (404),Spam URL - Need to set this to 410 and request for removal via GSC
https://www.parcelmanagement.com/dp/322932599,Not found (404),Spam URL - Need to set this to 410 and request for removal via GSC
https://www.parcelmanagement.com/dp/323299411,Not found (404),Spam URL - Need to set this to 410 and request for removal via GSC
https://www.parcelmanagement.com/dp/324130172,Not found (404),Spam URL - Need to set this to 410 and request for removal via GSC
https://www.parcelmanagement.com/dp/324234712,Indexed pages,Spam URL - Need to set this to 410 and request for removal via GSC
https://www.parcelmanagement.com/dp/324315542,Not found (404),Spam URL - Need to set this to 410 and request for removal via GSC
https://www.parcelmanagement.com/dp/324689368,Indexed pages,Spam URL - Need to set this to 410 and request for removal via GSC
https://www.parcelmanagement.com/dp/324713269,Indexed pages,Spam URL - Need to set this to 410 and request for removal via GSC
https://www.parcelmanagement.com/dp/324773207,Server error (5xx),Spam URL - Need to set this to 410 and request for removal via GSC
https://www.parcelmanagement.com/dp/32491742,Indexed pages,Spam URL - Need to set this to 410 and request for removal via GSC
https://www.parcelmanagement.com/dp/32499019,Server error (5xx),Spam URL - Need to set this to 410 and request for removal via GSC
https://www.parcelmanagement.com/dp/325703052,Server error (5xx),Spam URL - Need to set this to 410 and request for removal via GSC
https://www.parcelmanagement.com/dp/326318923,Blocked by robots.txt,Spam URL - Need to set this to 410 and request for removal via GSC
https://www.parcelmanagement.com/dp/326772352,Server error (5xx),Spam URL - Need to set this to 410 and request for removal via GSC
https://www.parcelmanagement.com/dp/327885243,Indexed pages,Spam URL - Need to set this to 410 and request for removal via GSC
https://www.parcelmanagement.com/dp/328254330,Indexed pages,Spam URL - Need to set this to 410 and request for removal via GSC
https://www.parcelmanagement.com/dp/328564372,Server error (5xx),Spam URL - Need to set this to 410 and request for removal via GSC
https://www.parcelmanagement.com/dp/331113371,Indexed pages,Spam URL - Need to set this to 410 and request for removal via GSC
https://www.parcelmanagement.com/dp/331742564,Blocked by robots.txt,Spam URL - Need to set this to 410 and request for removal via GSC
https://www.parcelmanagement.com/dp/331822680,Indexed pages,Spam URL - Need to set this to 410 and request for removal via GSC
https://www.parcelmanagement.com/dp/332499349,Server error (5xx),Spam URL - Need to set this to 410 and request for removal via GSC
https://www.parcelmanagement.com/dp/332525085,Not found (404),Spam URL - Need to set this to 410 and request for removal via GSC
https://www.parcelmanagement.com/dp/333565871,Not found (404),Spam URL - Need to set this to 410 and request for removal via GSC
https://www.parcelmanagement.com/dp/333971799,Not found (404),Spam URL - Need to set this to 410 and request for removal via GSC
https://www.parcelmanagement.com/dp/33407805,Not found (404),Spam URL - Need to set this to 410 and request for removal via GSC
https://www.parcelmanagement.com/dp/334120199,Not found (404),Spam URL - Need to set this to 410 and request for removal via GSC
https://www.parcelmanagement.com/dp/334503682,Server error (5xx),Spam URL - Need to set this to 410 and request for removal via GSC
https://www.parcelmanagement.com/dp/334999514,Server error (5xx),Spam URL - Need to set this to 410 and request for removal via GSC
https://www.parcelmanagement.com/dp/335320731,Crawled - currently not indexed,Spam URL - Need to set this to 410 and request for removal via GSC
https://www.parcelmanagement.com/dp/335705699,Blocked by robots.txt,Spam URL - Need to set this to 410 and request for removal via GSC
https://www.parcelmanagement.com/dp/335754546,Indexed pages,Spam URL - Need to set this to 410 and request for removal via GSC
https://www.parcelmanagement.com/dp/336000516,Not found (404),Spam URL - Need to set this to 410 and request for removal via GSC
https://www.parcelmanagement.com/dp/336049838,Indexed pages,Spam URL - Need to set this to 410 and request for removal via GSC
https://www.parcelmanagement.com/dp/337670657,Indexed pages,Spam URL - Need to set this to 410 and request for removal via GSC
https://www.parcelmanagement.com/dp/338159156,Indexed pages,Spam URL - Need to set this to 410 and request for removal via GSC
https://www.parcelmanagement.com/dp/338436884,Not found (404),Spam URL - Need to set this to 410 and request for removal via GSC
https://www.parcelmanagement.com/dp/341330204,Indexed pages,Spam URL - Need to set this to 410 and request for removal via GSC
https://www.parcelmanagement.com/dp/34166951,Blocked by robots.txt,Spam URL - Need to set this to 410 and request for removal via GSC
https://www.parcelmanagement.com/dp/341744448,Indexed pages,Spam URL - Need to set this to 410 and request for removal via GSC
https://www.parcelmanagement.com/dp/341840467,Indexed pages,Spam URL - Need to set this to 410 and request for removal via GSC
https://www.parcelmanagement.com/dp/34250705,Server error (5xx),Spam URL - Need to set this to 410 and request for removal via GSC
https://www.parcelmanagement.com/dp/34269527,Not found (404),Spam URL - Need to set this to 410 and request for removal via GSC
https://www.parcelmanagement.com/dp/343057399,Blocked by robots.txt,Spam URL - Need to set this to 410 and request for removal via GSC
https://www.parcelmanagement.com/dp/343232701,Not found (404),Spam URL - Need to set this to 410 and request for removal via GSC
https://www.parcelmanagement.com/dp/343904269,Indexed pages,Spam URL - Need to set this to 410 and request for removal via GSC
https://www.parcelmanagement.com/dp/344115363,Not found (404),Spam URL - Need to set this to 410 and request for removal via GSC
https://www.parcelmanagement.com/dp/345047677,Server error (5xx),Spam URL - Need to set this to 410 and request for removal via GSC
https://www.parcelmanagement.com/dp/345280207,Not found (404),Spam URL - Need to set this to 410 and request for removal via GSC
https://www.parcelmanagement.com/dp/345514930,Crawled - currently not indexed,Spam URL - Need to set this to 410 and request for removal via GSC
https://www.parcelmanagement.com/dp/34559983,Crawled - currently not indexed,Spam URL - Need to set this to 410 and request for removal via GSC
https://www.parcelmanagement.com/dp/34582444,Indexed pages,Spam URL - Need to set this to 410 and request for removal via GSC
https://www.parcelmanagement.com/dp/346010733,Server error (5xx),Spam URL - Need to set this to 410 and request for removal via GSC
https://www.parcelmanagement.com/dp/34628663,Indexed pages,Spam URL - Need to set this to 410 and request for removal via GSC
https://www.parcelmanagement.com/dp/347988537,Indexed pages,Spam URL - Need to set this to 410 and request for removal via GSC
https://www.parcelmanagement.com/dp/348606969,Indexed pages,Spam URL - Need to set this to 410 and request for removal via GSC
https://www.parcelmanagement.com/dp/351923863,Not found (404),Spam URL - Need to set this to 410 and request for removal via GSC
https://www.parcelmanagement.com/dp/352649401,Indexed pages,Spam URL - Need to set this to 410 and request for removal via GSC
https://www.parcelmanagement.com/dp/353389684,Indexed pages,Spam URL - Need to set this to 410 and request for removal via GSC
https://www.parcelmanagement.com/dp/354410984,Server error (5xx),Spam URL - Need to set this to 410 and request for removal via GSC
https://www.parcelmanagement.com/dp/354467771,Blocked by robots.txt,Spam URL - Need to set this to 410 and request for removal via GSC
https://www.parcelmanagement.com/dp/355113949,Not found (404),Spam URL - Need to set this to 410 and request for removal via GSC
https://www.parcelmanagement.com/dp/35539706,Not found (404),Spam URL - Need to set this to 410 and request for removal via GSC
https://www.parcelmanagement.com/dp/355485081,Not found (404),Spam URL - Need to set this to 410 and request for removal via GSC
https://www.parcelmanagement.com/dp/356037417,Server error (5xx),Spam URL - Need to set this to 410 and request for removal via GSC
https://www.parcelmanagement.com/dp/356077086,Not found (404),Spam URL - Need to set this to 410 and request for removal via GSC
https://www.parcelmanagement.com/dp/356415309,Not found (404),Spam URL - Need to set this to 410 and request for removal via GSC
https://www.parcelmanagement.com/dp/356531485,Not found (404),Spam URL - Need to set this to 410 and request for removal via GSC
https://www.parcelmanagement.com/dp/35689694,Indexed pages,Spam URL - Need to set this to 410 and request for removal via GSC
https://www.parcelmanagement.com/dp/357750725,Indexed pages,Spam URL - Need to set this to 410 and request for removal via GSC
https://www.parcelmanagement.com/dp/361201445,Server error (5xx),Spam URL - Need to set this to 410 and request for removal via GSC
https://www.parcelmanagement.com/dp/361900137,Server error (5xx),Spam URL - Need to set this to 410 and request for removal via GSC
https://www.parcelmanagement.com/dp/362129366,Server error (5xx),Spam URL - Need to set this to 410 and request for removal via GSC
https://www.parcelmanagement.com/dp/362671679,Blocked by robots.txt,Spam URL - Need to set this to 410 and request for removal via GSC
https://www.parcelmanagement.com/dp/364880029,Not found (404),Spam URL - Need to set this to 410 and request for removal via GSC
https://www.parcelmanagement.com/dp/3655302,Not found (404),Spam URL - Need to set this to 410 and request for removal via GSC
https://www.parcelmanagement.com/dp/365672325,Blocked by robots.txt,Spam URL - Need to set this to 410 and request for removal via GSC
https://www.parcelmanagement.com/dp/365822938,Not found (404),Spam URL - Need to set this to 410 and request for removal via GSC
https://www.parcelmanagement.com/dp/366674349,Not found (404),Spam URL - Need to set this to 410 and request for removal via GSC
https://www.parcelmanagement.com/dp/368251087,Server error (5xx),Spam URL - Need to set this to 410 and request for removal via GSC
https://www.parcelmanagement.com/dp/368372974,Indexed pages,Spam URL - Need to set this to 410 and request for removal via GSC
https://www.parcelmanagement.com/dp/373058122,Not found (404),Spam URL - Need to set this to 410 and request for removal via GSC
https://www.parcelmanagement.com/dp/373179312,Server error (5xx),Spam URL - Need to set this to 410 and request for removal via GSC
https://www.parcelmanagement.com/dp/376018404,Not found (404),Spam URL - Need to set this to 410 and request for removal via GSC
https://www.parcelmanagement.com/dp/376911043,Indexed pages,Spam URL - Need to set this to 410 and request for removal via GSC
https://www.parcelmanagement.com/dp/377466316,Not found (404),Spam URL - Need to set this to 410 and request for removal via GSC
https://www.parcelmanagement.com/dp/377656114,Server error (5xx),Spam URL - Need to set this to 410 and request for removal via GSC
https://www.parcelmanagement.com/dp/378294385,Server error (5xx),Spam URL - Need to set this to 410 and request for removal via GSC
https://www.parcelmanagement.com/dp/38117195,Indexed pages,Spam URL - Need to set this to 410 and request for removal via GSC
https://www.parcelmanagement.com/dp/381615499,Server error (5xx),Spam URL - Need to set this to 410 and request for removal via GSC
https://www.parcelmanagement.com/dp/382177932,Server error (5xx),Spam URL - Need to set this to 410 and request for removal via GSC
https://www.parcelmanagement.com/dp/3823730,Not found (404),Spam URL - Need to set this to 410 and request for removal via GSC
https://www.parcelmanagement.com/dp/383524356,Server error (5xx),Spam URL - Need to set this to 410 and request for removal via GSC
https://www.parcelmanagement.com/dp/38374381,Not found (404),Spam URL - Need to set this to 410 and request for removal via GSC
https://www.parcelmanagement.com/dp/386902588,Indexed pages,Spam URL - Need to set this to 410 and request for removal via GSC
https://www.parcelmanagement.com/dp/386945882,Indexed pages,Spam URL - Need to set this to 410 and request for removal via GSC
https://www.parcelmanagement.com/dp/387578425,Crawled - currently not indexed,Spam URL - Need to set this to 410 and request for removal via GSC
https://www.parcelmanagement.com/dp/387715728,Indexed pages,Spam URL - Need to set this to 410 and request for removal via GSC
https://www.parcelmanagement.com/dp/3887210,Indexed pages,Spam URL - Need to set this to 410 and request for removal via GSC
https://www.parcelmanagement.com/dp/391835526,Indexed pages,Spam URL - Need to set this to 410 and request for removal via GSC
https://www.parcelmanagement.com/dp/392618337,Server error (5xx),Spam URL - Need to set this to 410 and request for removal via GSC
https://www.parcelmanagement.com/dp/392679980,Not found (404),Spam URL - Need to set this to 410 and request for removal via GSC
https://www.parcelmanagement.com/dp/392989104,Indexed pages,Spam URL - Need to set this to 410 and request for removal via GSC
https://www.parcelmanagement.com/dp/393082016,Blocked by robots.txt,Spam URL - Need to set this to 410 and request for removal via GSC
https://www.parcelmanagement.com/dp/393644109,Not found (404),Spam URL - Need to set this to 410 and request for removal via GSC
https://www.parcelmanagement.com/dp/393997419,Indexed pages,Spam URL - Need to set this to 410 and request for removal via GSC
https://www.parcelmanagement.com/dp/394322133,Not found (404),Spam URL - Need to set this to 410 and request for removal via GSC
https://www.parcelmanagement.com/dp/394382530,Blocked by robots.txt,Spam URL - Need to set this to 410 and request for removal via GSC
https://www.parcelmanagement.com/dp/395346768,Not found (404),Spam URL - Need to set this to 410 and request for removal via GSC
https://www.parcelmanagement.com/dp/395462681,Indexed pages,Spam URL - Need to set this to 410 and request for removal via GSC
https://www.parcelmanagement.com/dp/39760868,Indexed pages,Spam URL - Need to set this to 410 and request for removal via GSC
https://www.parcelmanagement.com/dp/398085435,Not found (404),Spam URL - Need to set this to 410 and request for removal via GSC
https://www.parcelmanagement.com/dp/398532072,Indexed pages,Spam URL - Need to set this to 410 and request for removal via GSC
https://www.parcelmanagement.com/dp/3a2605102,Not found (404),Spam URL - Need to set this to 410 and request for removal via GSC
https://www.parcelmanagement.com/dp/3a2614101,Indexed pages,Spam URL - Need to set this to 410 and request for removal via GSC
https://www.parcelmanagement.com/dp/3a305665,Server error (5xx),Spam URL - Need to set this to 410 and request for removal via GSC
https://www.parcelmanagement.com/dp/3a5521332,Indexed pages,Spam URL - Need to set this to 410 and request for removal via GSC
https://www.parcelmanagement.com/dp/3a6638682,Indexed pages,Spam URL - Need to set this to 410 and request for removal via GSC
https://www.parcelmanagement.com/dp/3a8240143,Not found (404),Spam URL - Need to set this to 410 and request for removal via GSC
https://www.parcelmanagement.com/dp/3b2279096,Not found (404),Spam URL - Need to set this to 410 and request for removal via GSC
https://www.parcelmanagement.com/dp/3b3142926,Indexed pages,Spam URL - Need to set this to 410 and request for removal via GSC
https://www.parcelmanagement.com/dp/3b3397552,Indexed pages,Spam URL - Need to set this to 410 and request for removal via GSC
https://www.parcelmanagement.com/dp/3b3826667,Server error (5xx),Spam URL - Need to set this to 410 and request for removal via GSC
https://www.parcelmanagement.com/dp/3b5183731,Blocked by robots.txt,Spam URL - Need to set this to 410 and request for removal via GSC
https://www.parcelmanagement.com/dp/3b5496644,Blocked by robots.txt,Spam URL - Need to set this to 410 and request for removal via GSC
https://www.parcelmanagement.com/dp/3b6158596,Indexed pages,Spam URL - Need to set this to 410 and request for removal via GSC
https://www.parcelmanagement.com/dp/3c1119607,Server error (5xx),Spam URL - Need to set this to 410 and request for removal via GSC
https://www.parcelmanagement.com/dp/3c4476082,Indexed pages,Spam URL - Need to set this to 410 and request for removal via GSC
https://www.parcelmanagement.com/dp/3c5481133,Not found (404),Spam URL - Need to set this to 410 and request for removal via GSC
https://www.parcelmanagement.com/dp/3c5762989,Blocked by robots.txt,Spam URL - Need to set this to 410 and request for removal via GSC
https://www.parcelmanagement.com/dp/3c6366430,Crawled - currently not indexed,Spam URL - Need to set this to 410 and request for removal via GSC
https://www.parcelmanagement.com/dp/3c7119839,Not found (404),Spam URL - Need to set this to 410 and request for removal via GSC
https://www.parcelmanagement.com/dp/3d1918663,Indexed pages,Spam URL - Need to set this to 410 and request for removal via GSC
https://www.parcelmanagement.com/dp/3d3565584,Not found (404),Spam URL - Need to set this to 410 and request for removal via GSC
https://www.parcelmanagement.com/dp/3d375572,Indexed pages,Spam URL - Need to set this to 410 and request for removal via GSC
https://www.parcelmanagement.com/dp/3d5243582,Indexed pages,Spam URL - Need to set this to 410 and request for removal via GSC
https://www.parcelmanagement.com/dp/3d6383361,Indexed pages,Spam URL - Need to set this to 410 and request for removal via GSC
https://www.parcelmanagement.com/dp/3e2664065,Not found (404),Spam URL - Need to set this to 410 and request for removal via GSC
https://www.parcelmanagement.com/dp/3e3963593,Not found (404),Spam URL - Need to set this to 410 and request for removal via GSC
https://www.parcelmanagement.com/dp/3e4209034,Indexed pages,Spam URL - Need to set this to 410 and request for removal via GSC
https://www.parcelmanagement.com/dp/3e6395246,Server error (5xx),Spam URL - Need to set this to 410 and request for removal via GSC
https://www.parcelmanagement.com/dp/3e7904938,Not found (404),Spam URL - Need to set this to 410 and request for removal via GSC
https://www.parcelmanagement.com/dp/3f1278902,Server error (5xx),Spam URL - Need to set this to 410 and request for removal via GSC
https://www.parcelmanagement.com/dp/3f1575304,Indexed pages,Spam URL - Need to set this to 410 and request for removal via GSC
https://www.parcelmanagement.com/dp/3f2983793,Not found (404),Spam URL - Need to set this to 410 and request for removal via GSC
https://www.parcelmanagement.com/dp/3f335469,Not found (404),Spam URL - Need to set this to 410 and request for removal via GSC
https://www.parcelmanagement.com/dp/3f4296793,Indexed pages,Spam URL - Need to set this to 410 and request for removal via GSC
https://www.parcelmanagement.com/dp/3f486272,Indexed pages,Spam URL - Need to set this to 410 and request for removal via GSC
https://www.parcelmanagement.com/dp/3f4985481,Not found (404),Spam URL - Need to set this to 410 and request for removal via GSC
https://www.parcelmanagement.com/dp/3f7004946,Not found (404),Spam URL - Need to set this to 410 and request for removal via GSC
https://www.parcelmanagement.com/dp/3f7298456,Indexed pages,Spam URL - Need to set this to 410 and request for removal via GSC
https://www.parcelmanagement.com/dp/401866181,Indexed pages,Spam URL - Need to set this to 410 and request for removal via GSC
https://www.parcelmanagement.com/dp/402120001,Not found (404),Spam URL - Need to set this to 410 and request for removal via GSC
https://www.parcelmanagement.com/dp/402501961,Indexed pages,Spam URL - Need to set this to 410 and request for removal via GSC
https://www.parcelmanagement.com/dp/402970505,Indexed pages,Spam URL - Need to set this to 410 and request for removal via GSC
https://www.parcelmanagement.com/dp/403337027,Server error (5xx),Spam URL - Need to set this to 410 and request for removal via GSC
https://www.parcelmanagement.com/dp/403366565,Not found (404),Spam URL - Need to set this to 410 and request for removal via GSC
https://www.parcelmanagement.com/dp/403558205,Indexed pages,Spam URL - Need to set this to 410 and request for removal via GSC
https://www.parcelmanagement.com/dp/405142145,Server error (5xx),Spam URL - Need to set this to 410 and request for removal via GSC
https://www.parcelmanagement.com/dp/405184870,Not found (404),Spam URL - Need to set this to 410 and request for removal via GSC
https://www.parcelmanagement.com/dp/405585749,Server error (5xx),Spam URL - Need to set this to 410 and request for removal via GSC
https://www.parcelmanagement.com/dp/406014622,Indexed pages,Spam URL - Need to set this to 410 and request for removal via GSC
https://www.parcelmanagement.com/dp/406355921,Indexed pages,Spam URL - Need to set this to 410 and request for removal via GSC
https://www.parcelmanagement.com/dp/406846716,Blocked by robots.txt,Spam URL - Need to set this to 410 and request for removal via GSC
https://www.parcelmanagement.com/dp/407039059,Not found (404),Spam URL - Need to set this to 410 and request for removal via GSC
https://www.parcelmanagement.com/dp/407090837,Not found (404),Spam URL - Need to set this to 410 and request for removal via GSC
https://www.parcelmanagement.com/dp/407266550,Not found (404),Spam URL - Need to set this to 410 and request for removal via GSC
https://www.parcelmanagement.com/dp/408321594,Indexed pages,Spam URL - Need to set this to 410 and request for removal via GSC
https://www.parcelmanagement.com/dp/408392043,Indexed pages,Spam URL - Need to set this to 410 and request for removal via GSC
https://www.parcelmanagement.com/dp/412195212,Not found (404),Spam URL - Need to set this to 410 and request for removal via GSC
https://www.parcelmanagement.com/dp/41235402,Not found (404),Spam URL - Need to set this to 410 and request for removal via GSC
https://www.parcelmanagement.com/dp/413114581,Not found (404),Spam URL - Need to set this to 410 and request for removal via GSC
https://www.parcelmanagement.com/dp/413244235,Not found (404),Spam URL - Need to set this to 410 and request for removal via GSC
https://www.parcelmanagement.com/dp/413279068,Indexed pages,Spam URL - Need to set this to 410 and request for removal via GSC
https://www.parcelmanagement.com/dp/413371051,Server error (5xx),Spam URL - Need to set this to 410 and request for removal via GSC
https://www.parcelmanagement.com/dp/414122616,Indexed pages,Spam URL - Need to set this to 410 and request for removal via GSC
https://www.parcelmanagement.com/dp/414724725,Indexed pages,Spam URL - Need to set this to 410 and request for removal via GSC
https://www.parcelmanagement.com/dp/415759155,Blocked by robots.txt,Spam URL - Need to set this to 410 and request for removal via GSC
https://www.parcelmanagement.com/dp/416946091,Indexed pages,Spam URL - Need to set this to 410 and request for removal via GSC
https://www.parcelmanagement.com/dp/417037754,Not found (404),Spam URL - Need to set this to 410 and request for removal via GSC
https://www.parcelmanagement.com/dp/417425220,Indexed pages,Spam URL - Need to set this to 410 and request for removal via GSC
https://www.parcelmanagement.com/dp/418024805,Indexed pages,Spam URL - Need to set this to 410 and request for removal via GSC
https://www.parcelmanagement.com/dp/418530124,Indexed pages,Spam URL - Need to set this to 410 and request for removal via GSC
https://www.parcelmanagement.com/dp/421312729,Not found (404),Spam URL - Need to set this to 410 and request for removal via GSC
https://www.parcelmanagement.com/dp/422324410,Indexed pages,Spam URL - Need to set this to 410 and request for removal via GSC
https://www.parcelmanagement.com/dp/42253076,Indexed pages,Spam URL - Need to set this to 410 and request for removal via GSC
https://www.parcelmanagement.com/dp/423449946,Indexed pages,Spam URL - Need to set this to 410 and request for removal via GSC
https://www.parcelmanagement.com/dp/424463843,Indexed pages,Spam URL - Need to set this to 410 and request for removal via GSC
https://www.parcelmanagement.com/dp/425244751,Server error (5xx),Spam URL - Need to set this to 410 and request for removal via GSC
https://www.parcelmanagement.com/dp/425910704,Server error (5xx),Spam URL - Need to set this to 410 and request for removal via GSC
https://www.parcelmanagement.com/dp/427610362,Server error (5xx),Spam URL - Need to set this to 410 and request for removal via GSC
https://www.parcelmanagement.com/dp/428433130,Server error (5xx),Spam URL - Need to set this to 410 and request for removal via GSC
https://www.parcelmanagement.com/dp/428637630,Server error (5xx),Spam URL - Need to set this to 410 and request for removal via GSC
https://www.parcelmanagement.com/dp/431607512,Indexed pages,Spam URL - Need to set this to 410 and request for removal via GSC
https://www.parcelmanagement.com/dp/431719441,Indexed pages,Spam URL - Need to set this to 410 and request for removal via GSC
https://www.parcelmanagement.com/dp/432206555,Server error (5xx),Spam URL - Need to set this to 410 and request for removal via GSC
https://www.parcelmanagement.com/dp/432607394,Indexed pages,Spam URL - Need to set this to 410 and request for removal via GSC
https://www.parcelmanagement.com/dp/433632558,Server error (5xx),Spam URL - Need to set this to 410 and request for removal via GSC
https://www.parcelmanagement.com/dp/434098565,Server error (5xx),Spam URL - Need to set this to 410 and request for removal via GSC
https://www.parcelmanagement.com/dp/43438895,Indexed pages,Spam URL - Need to set this to 410 and request for removal via GSC
https://www.parcelmanagement.com/dp/435291598,Not found (404),Spam URL - Need to set this to 410 and request for removal via GSC
https://www.parcelmanagement.com/dp/435395327,Indexed pages,Spam URL - Need to set this to 410 and request for removal via GSC
https://www.parcelmanagement.com/dp/435410422,Not found (404),Spam URL - Need to set this to 410 and request for removal via GSC
https://www.parcelmanagement.com/dp/435464702,Server error (5xx),Spam URL - Need to set this to 410 and request for removal via GSC
https://www.parcelmanagement.com/dp/435628253,Not found (404),Spam URL - Need to set this to 410 and request for removal via GSC
https://www.parcelmanagement.com/dp/435674411,Indexed pages,Spam URL - Need to set this to 410 and request for removal via GSC
https://www.parcelmanagement.com/dp/435711092,Server error (5xx),Spam URL - Need to set this to 410 and request for removal via GSC
https://www.parcelmanagement.com/dp/436350061,Indexed pages,Spam URL - Need to set this to 410 and request for removal via GSC
https://www.parcelmanagement.com/dp/437792535,Indexed pages,Spam URL - Need to set this to 410 and request for removal via GSC
https://www.parcelmanagement.com/dp/437944755,Indexed pages,Spam URL - Need to set this to 410 and request for removal via GSC
https://www.parcelmanagement.com/dp/438170556,Not found (404),Spam URL - Need to set this to 410 and request for removal via GSC
https://www.parcelmanagement.com/dp/438288385,Server error (5xx),Spam URL - Need to set this to 410 and request for removal via GSC
https://www.parcelmanagement.com/dp/438338480,Server error (5xx),Spam URL - Need to set this to 410 and request for removal via GSC
https://www.parcelmanagement.com/dp/438523203,Indexed pages,Spam URL - Need to set this to 410 and request for removal via GSC
https://www.parcelmanagement.com/dp/441352012,Indexed pages,Spam URL - Need to set this to 410 and request for removal via GSC
https://www.parcelmanagement.com/dp/44239258,Indexed pages,Spam URL - Need to set this to 410 and request for removal via GSC
https://www.parcelmanagement.com/dp/442429888,Not found (404),Spam URL - Need to set this to 410 and request for removal via GSC
https://www.parcelmanagement.com/dp/442566867,Indexed pages,Spam URL - Need to set this to 410 and request for removal via GSC
https://www.parcelmanagement.com/dp/443189436,Not found (404),Spam URL - Need to set this to 410 and request for removal via GSC
https://www.parcelmanagement.com/dp/443720348,Not found (404),Spam URL - Need to set this to 410 and request for removal via GSC
https://www.parcelmanagement.com/dp/443866505,Not found (404),Spam URL - Need to set this to 410 and request for removal via GSC
https://www.parcelmanagement.com/dp/444663747,Not found (404),Spam URL - Need to set this to 410 and request for removal via GSC
https://www.parcelmanagement.com/dp/444695330,Server error (5xx),Spam URL - Need to set this to 410 and request for removal via GSC
https://www.parcelmanagement.com/dp/445172700,Not found (404),Spam URL - Need to set this to 410 and request for removal via GSC
https://www.parcelmanagement.com/dp/445448389,Indexed pages,Spam URL - Need to set this to 410 and request for removal via GSC
https://www.parcelmanagement.com/dp/446108728,Server error (5xx),Spam URL - Need to set this to 410 and request for removal via GSC
https://www.parcelmanagement.com/dp/446193460,Server error (5xx),Spam URL - Need to set this to 410 and request for removal via GSC
https://www.parcelmanagement.com/dp/446488329,Server error (5xx),Spam URL - Need to set this to 410 and request for removal via GSC
https://www.parcelmanagement.com/dp/447473397,Indexed pages,Spam URL - Need to set this to 410 and request for removal via GSC
https://www.parcelmanagement.com/dp/447568243,Indexed pages,Spam URL - Need to set this to 410 and request for removal via GSC
https://www.parcelmanagement.com/dp/447696579,Not found (404),Spam URL - Need to set this to 410 and request for removal via GSC
https://www.parcelmanagement.com/dp/447868791,Server error (5xx),Spam URL - Need to set this to 410 and request for removal via GSC
https://www.parcelmanagement.com/dp/44864709,Server error (5xx),Spam URL - Need to set this to 410 and request for removal via GSC
https://www.parcelmanagement.com/dp/452490876,Not found (404),Spam URL - Need to set this to 410 and request for removal via GSC
https://www.parcelmanagement.com/dp/452551363,Not found (404),Spam URL - Need to set this to 410 and request for removal via GSC
https://www.parcelmanagement.com/dp/454892190,Not found (404),Spam URL - Need to set this to 410 and request for removal via GSC
https://www.parcelmanagement.com/dp/45539762,Not found (404),Spam URL - Need to set this to 410 and request for removal via GSC
https://www.parcelmanagement.com/dp/45552553,Not found (404),Spam URL - Need to set this to 410 and request for removal via GSC
https://www.parcelmanagement.com/dp/4558191,Indexed pages,Spam URL - Need to set this to 410 and request for removal via GSC
https://www.parcelmanagement.com/dp/455862615,Indexed pages,Spam URL - Need to set this to 410 and request for removal via GSC
https://www.parcelmanagement.com/dp/456086208,Not found (404),Spam URL - Need to set this to 410 and request for removal via GSC
https://www.parcelmanagement.com/dp/456305116,Server error (5xx),Spam URL - Need to set this to 410 and request for removal via GSC
https://www.parcelmanagement.com/dp/456628711,Indexed pages,Spam URL - Need to set this to 410 and request for removal via GSC
https://www.parcelmanagement.com/dp/45734304,Indexed pages,Spam URL - Need to set this to 410 and request for removal via GSC
https://www.parcelmanagement.com/dp/457602077,Not found (404),Spam URL - Need to set this to 410 and request for removal via GSC
https://www.parcelmanagement.com/dp/457756892,Indexed pages,Spam URL - Need to set this to 410 and request for removal via GSC
https://www.parcelmanagement.com/dp/458263418,Server error (5xx),Spam URL - Need to set this to 410 and request for removal via GSC
https://www.parcelmanagement.com/dp/458280521,Server error (5xx),Spam URL - Need to set this to 410 and request for removal via GSC
https://www.parcelmanagement.com/dp/45884582,Indexed pages,Spam URL - Need to set this to 410 and request for removal via GSC
https://www.parcelmanagement.com/dp/461063137,Server error (5xx),Spam URL - Need to set this to 410 and request for removal via GSC
https://www.parcelmanagement.com/dp/46114426,Indexed pages,Spam URL - Need to set this to 410 and request for removal via GSC
https://www.parcelmanagement.com/dp/461720965,Not found (404),Spam URL - Need to set this to 410 and request for removal via GSC
https://www.parcelmanagement.com/dp/461892977,Indexed pages,Spam URL - Need to set this to 410 and request for removal via GSC
https://www.parcelmanagement.com/dp/462319234,Not found (404),Spam URL - Need to set this to 410 and request for removal via GSC
https://www.parcelmanagement.com/dp/462505228,Server error (5xx),Spam URL - Need to set this to 410 and request for removal via GSC
https://www.parcelmanagement.com/dp/462886245,Not found (404),Spam URL - Need to set this to 410 and request for removal via GSC
https://www.parcelmanagement.com/dp/463740219,Server error (5xx),Spam URL - Need to set this to 410 and request for removal via GSC
https://www.parcelmanagement.com/dp/465460075,Blocked by robots.txt,Spam URL - Need to set this to 410 and request for removal via GSC
https://www.parcelmanagement.com/dp/465631878,Indexed pages,Spam URL - Need to set this to 410 and request for removal via GSC
https://www.parcelmanagement.com/dp/465644182,Not found (404),Spam URL - Need to set this to 410 and request for removal via GSC
https://www.parcelmanagement.com/dp/46600342,Not found (404),Spam URL - Need to set this to 410 and request for removal via GSC
https://www.parcelmanagement.com/dp/466110056,Indexed pages,Spam URL - Need to set this to 410 and request for removal via GSC
https://www.parcelmanagement.com/dp/466143397,Not found (404),Spam URL - Need to set this to 410 and request for removal via GSC
https://www.parcelmanagement.com/dp/466181646,Indexed pages,Spam URL - Need to set this to 410 and request for removal via GSC
https://www.parcelmanagement.com/dp/46645425,Indexed pages,Spam URL - Need to set this to 410 and request for removal via GSC
https://www.parcelmanagement.com/dp/467353812,Indexed pages,Spam URL - Need to set this to 410 and request for removal via GSC
https://www.parcelmanagement.com/dp/467613432,Not found (404),Spam URL - Need to set this to 410 and request for removal via GSC
https://www.parcelmanagement.com/dp/46791537,Not found (404),Spam URL - Need to set this to 410 and request for removal via GSC
https://www.parcelmanagement.com/dp/467989720,Not found (404),Spam URL - Need to set this to 410 and request for removal via GSC
https://www.parcelmanagement.com/dp/468054397,Not found (404),Spam URL - Need to set this to 410 and request for removal via GSC
https://www.parcelmanagement.com/dp/468292348,Not found (404),Spam URL - Need to set this to 410 and request for removal via GSC
https://www.parcelmanagement.com/dp/468293056,Not found (404),Spam URL - Need to set this to 410 and request for removal via GSC
https://www.parcelmanagement.com/dp/468412577,Server error (5xx),Spam URL - Need to set this to 410 and request for removal via GSC
https://www.parcelmanagement.com/dp/468569583,Crawled - currently not indexed,Spam URL - Need to set this to 410 and request for removal via GSC
https://www.parcelmanagement.com/dp/471581713,Crawled - currently not indexed,Spam URL - Need to set this to 410 and request for removal via GSC
https://www.parcelmanagement.com/dp/471796521,Not found (404),Spam URL - Need to set this to 410 and request for removal via GSC
https://www.parcelmanagement.com/dp/471948982,Not found (404),Spam URL - Need to set this to 410 and request for removal via GSC
https://www.parcelmanagement.com/dp/472578645,Blocked by robots.txt,Spam URL - Need to set this to 410 and request for removal via GSC
https://www.parcelmanagement.com/dp/473760378,Not found (404),Spam URL - Need to set this to 410 and request for removal via GSC
https://www.parcelmanagement.com/dp/473780730,Server error (5xx),Spam URL - Need to set this to 410 and request for removal via GSC
https://www.parcelmanagement.com/dp/474738474,Indexed pages,Spam URL - Need to set this to 410 and request for removal via GSC
https://www.parcelmanagement.com/dp/474877476,Indexed pages,Spam URL - Need to set this to 410 and request for removal via GSC
https://www.parcelmanagement.com/dp/47506295,Indexed pages,Spam URL - Need to set this to 410 and request for removal via GSC
https://www.parcelmanagement.com/dp/477170379,Indexed pages,Spam URL - Need to set this to 410 and request for removal via GSC
https://www.parcelmanagement.com/dp/477226087,Not found (404),Spam URL - Need to set this to 410 and request for removal via GSC
https://www.parcelmanagement.com/dp/477652362,Not found (404),Spam URL - Need to set this to 410 and request for removal via GSC
https://www.parcelmanagement.com/dp/477729931,Indexed pages,Spam URL - Need to set this to 410 and request for removal via GSC
https://www.parcelmanagement.com/dp/477897004,Crawled - currently not indexed,Spam URL - Need to set this to 410 and request for removal via GSC
https://www.parcelmanagement.com/dp/478207493,Server error (5xx),Spam URL - Need to set this to 410 and request for removal via GSC
https://www.parcelmanagement.com/dp/478395260,Indexed pages,Spam URL - Need to set this to 410 and request for removal via GSC
https://www.parcelmanagement.com/dp/47902087,Server error (5xx),Spam URL - Need to set this to 410 and request for removal via GSC
https://www.parcelmanagement.com/dp/481092470,Indexed pages,Spam URL - Need to set this to 410 and request for removal via GSC
https://www.parcelmanagement.com/dp/481602267,Indexed pages,Spam URL - Need to set this to 410 and request for removal via GSC
https://www.parcelmanagement.com/dp/481923762,Indexed pages,Spam URL - Need to set this to 410 and request for removal via GSC
https://www.parcelmanagement.com/dp/482431108,Not found (404),Spam URL - Need to set this to 410 and request for removal via GSC
https://www.parcelmanagement.com/dp/483333671,Indexed pages,Spam URL - Need to set this to 410 and request for removal via GSC
https://www.parcelmanagement.com/dp/484277665,Blocked by robots.txt,Spam URL - Need to set this to 410 and request for removal via GSC
https://www.parcelmanagement.com/dp/485186696,Crawled - currently not indexed,Spam URL - Need to set this to 410 and request for removal via GSC
https://www.parcelmanagement.com/dp/485458075,Indexed pages,Spam URL - Need to set this to 410 and request for removal via GSC
https://www.parcelmanagement.com/dp/485601823,Server error (5xx),Spam URL - Need to set this to 410 and request for removal via GSC
https://www.parcelmanagement.com/dp/486820837,Not found (404),Spam URL - Need to set this to 410 and request for removal via GSC
https://www.parcelmanagement.com/dp/486842903,Not found (404),Spam URL - Need to set this to 410 and request for removal via GSC
https://www.parcelmanagement.com/dp/486871846,Indexed pages,Spam URL - Need to set this to 410 and request for removal via GSC
https://www.parcelmanagement.com/dp/487088387,Server error (5xx),Spam URL - Need to set this to 410 and request for removal via GSC
https://www.parcelmanagement.com/dp/487302728,Blocked by robots.txt,Spam URL - Need to set this to 410 and request for removal via GSC
https://www.parcelmanagement.com/dp/487759407,Not found (404),Spam URL - Need to set this to 410 and request for removal via GSC
https://www.parcelmanagement.com/dp/488017153,Indexed pages,Spam URL - Need to set this to 410 and request for removal via GSC
https://www.parcelmanagement.com/dp/488417393,Server error (5xx),Spam URL - Need to set this to 410 and request for removal via GSC
https://www.parcelmanagement.com/dp/49109986,Indexed pages,Spam URL - Need to set this to 410 and request for removal via GSC
https://www.parcelmanagement.com/dp/491902438,Indexed pages,Spam URL - Need to set this to 410 and request for removal via GSC
https://www.parcelmanagement.com/dp/492300027,Not found (404),Spam URL - Need to set this to 410 and request for removal via GSC
https://www.parcelmanagement.com/dp/4933221,Not found (404),Spam URL - Need to set this to 410 and request for removal via GSC
https://www.parcelmanagement.com/dp/493388728,Not found (404),Spam URL - Need to set this to 410 and request for removal via GSC
https://www.parcelmanagement.com/dp/494063102,Not found (404),Spam URL - Need to set this to 410 and request for removal via GSC
https://www.parcelmanagement.com/dp/494344286,Server error (5xx),Spam URL - Need to set this to 410 and request for removal via GSC
https://www.parcelmanagement.com/dp/494567225,Server error (5xx),Spam URL - Need to set this to 410 and request for removal via GSC
https://www.parcelmanagement.com/dp/494755132,Server error (5xx),Spam URL - Need to set this to 410 and request for removal via GSC
https://www.parcelmanagement.com/dp/495036014,Server error (5xx),Spam URL - Need to set this to 410 and request for removal via GSC
https://www.parcelmanagement.com/dp/495397772,Server error (5xx),Spam URL - Need to set this to 410 and request for removal via GSC
https://www.parcelmanagement.com/dp/495901511,Indexed pages,Spam URL - Need to set this to 410 and request for removal via GSC
https://www.parcelmanagement.com/dp/496349091,Indexed pages,Spam URL - Need to set this to 410 and request for removal via GSC
https://www.parcelmanagement.com/dp/496417313,Indexed pages,Spam URL - Need to set this to 410 and request for removal via GSC
https://www.parcelmanagement.com/dp/496930652,Server error (5xx),Spam URL - Need to set this to 410 and request for removal via GSC
https://www.parcelmanagement.com/dp/497294878,Not found (404),Spam URL - Need to set this to 410 and request for removal via GSC
https://www.parcelmanagement.com/dp/497685885,Crawled - currently not indexed,Spam URL - Need to set this to 410 and request for removal via GSC
https://www.parcelmanagement.com/dp/497766649,Not found (404),Spam URL - Need to set this to 410 and request for removal via GSC
https://www.parcelmanagement.com/dp/49779197,Crawled - currently not indexed,Spam URL - Need to set this to 410 and request for removal via GSC
https://www.parcelmanagement.com/dp/498447543,Not found (404),Spam URL - Need to set this to 410 and request for removal via GSC
https://www.parcelmanagement.com/dp/498546164,Server error (5xx),Spam URL - Need to set this to 410 and request for removal via GSC
https://www.parcelmanagement.com/dp/498638055,Indexed pages,Spam URL - Need to set this to 410 and request for removal via GSC
https://www.parcelmanagement.com/dp/4a2176229,Server error (5xx),Spam URL - Need to set this to 410 and request for removal via GSC
https://www.parcelmanagement.com/dp/4a229440,Server error (5xx),Spam URL - Need to set this to 410 and request for removal via GSC
https://www.parcelmanagement.com/dp/4a3267708,Server error (5xx),Spam URL - Need to set this to 410 and request for removal via GSC
https://www.parcelmanagement.com/dp/4a6437399,Indexed pages,Spam URL - Need to set this to 410 and request for removal via GSC
https://www.parcelmanagement.com/dp/4a6672204,Blocked by robots.txt,Spam URL - Need to set this to 410 and request for removal via GSC
https://www.parcelmanagement.com/dp/4a7522010,Server error (5xx),Spam URL - Need to set this to 410 and request for removal via GSC
https://www.parcelmanagement.com/dp/4a8503153,Indexed pages,Spam URL - Need to set this to 410 and request for removal via GSC
https://www.parcelmanagement.com/dp/4a8583271,Blocked by robots.txt,Spam URL - Need to set this to 410 and request for removal via GSC
https://www.parcelmanagement.com/dp/4b1141078,Indexed pages,Spam URL - Need to set this to 410 and request for removal via GSC
https://www.parcelmanagement.com/dp/4b348557,Not found (404),Spam URL - Need to set this to 410 and request for removal via GSC
https://www.parcelmanagement.com/dp/4b5167924,Not found (404),Spam URL - Need to set this to 410 and request for removal via GSC
https://www.parcelmanagement.com/dp/4b5515098,Not found (404),Spam URL - Need to set this to 410 and request for removal via GSC
https://www.parcelmanagement.com/dp/4b7519817,Server error (5xx),Spam URL - Need to set this to 410 and request for removal via GSC
https://www.parcelmanagement.com/dp/4b860543,Indexed pages,Spam URL - Need to set this to 410 and request for removal via GSC
https://www.parcelmanagement.com/dp/4b888426,Indexed pages,Spam URL - Need to set this to 410 and request for removal via GSC
https://www.parcelmanagement.com/dp/4c1259966,Indexed pages,Spam URL - Need to set this to 410 and request for removal via GSC
https://www.parcelmanagement.com/dp/4c3284400,Server error (5xx),Spam URL - Need to set this to 410 and request for removal via GSC
https://www.parcelmanagement.com/dp/4c6153409,Not found (404),Spam URL - Need to set this to 410 and request for removal via GSC
https://www.parcelmanagement.com/dp/4c7221669,Not found (404),Spam URL - Need to set this to 410 and request for removal via GSC
https://www.parcelmanagement.com/dp/4d1107917,Not found (404),Spam URL - Need to set this to 410 and request for removal via GSC
https://www.parcelmanagement.com/dp/4d1168656,Indexed pages,Spam URL - Need to set this to 410 and request for removal via GSC
https://www.parcelmanagement.com/dp/4d2032947,Server error (5xx),Spam URL - Need to set this to 410 and request for removal via GSC
https://www.parcelmanagement.com/dp/4d4022608,Server error (5xx),Spam URL - Need to set this to 410 and request for removal via GSC
https://www.parcelmanagement.com/dp/4e4357648,Blocked by robots.txt,Spam URL - Need to set this to 410 and request for removal via GSC
https://www.parcelmanagement.com/dp/4e4887031,Indexed pages,Spam URL - Need to set this to 410 and request for removal via GSC
https://www.parcelmanagement.com/dp/4e6978439,Not found (404),Spam URL - Need to set this to 410 and request for removal via GSC
https://www.parcelmanagement.com/dp/4e6987431,Not found (404),Spam URL - Need to set this to 410 and request for removal via GSC
https://www.parcelmanagement.com/dp/4e7326712,Not found (404),Spam URL - Need to set this to 410 and request for removal via GSC
https://www.parcelmanagement.com/dp/4f128055,Crawled - currently not indexed,Spam URL - Need to set this to 410 and request for removal via GSC
https://www.parcelmanagement.com/dp/4f1491752,Indexed pages,Spam URL - Need to set this to 410 and request for removal via GSC
https://www.parcelmanagement.com/dp/4f1521670,Server error (5xx),Spam URL - Need to set this to 410 and request for removal via GSC
https://www.parcelmanagement.com/dp/4f1619415,Not found (404),Spam URL - Need to set this to 410 and request for removal via GSC
https://www.parcelmanagement.com/dp/4f2352758,Not found (404),Spam URL - Need to set this to 410 and request for removal via GSC
https://www.parcelmanagement.com/dp/4f24066,Blocked by robots.txt,Spam URL - Need to set this to 410 and request for removal via GSC
https://www.parcelmanagement.com/dp/4f3827288,Not found (404),Spam URL - Need to set this to 410 and request for removal via GSC
https://www.parcelmanagement.com/dp/4f5697662,Not found (404),Spam URL - Need to set this to 410 and request for removal via GSC
https://www.parcelmanagement.com/dp/4f7075240,Blocked by robots.txt,Spam URL - Need to set this to 410 and request for removal via GSC
https://www.parcelmanagement.com/dp/4f7323721,Indexed pages,Spam URL - Need to set this to 410 and request for removal via GSC
https://www.parcelmanagement.com/dp/4f74851,Indexed pages,Spam URL - Need to set this to 410 and request for removal via GSC
https://www.parcelmanagement.com/dp/4f8254281,Blocked by robots.txt,Spam URL - Need to set this to 410 and request for removal via GSC
https://www.parcelmanagement.com/dp/501245192,Indexed pages,Spam URL - Need to set this to 410 and request for removal via GSC
https://www.parcelmanagement.com/dp/501624198,Indexed pages,Spam URL - Need to set this to 410 and request for removal via GSC
https://www.parcelmanagement.com/dp/501916389,Indexed pages,Spam URL - Need to set this to 410 and request for removal via GSC
https://www.parcelmanagement.com/dp/503035301,Indexed pages,Spam URL - Need to set this to 410 and request for removal via GSC
https://www.parcelmanagement.com/dp/503484497,Not found (404),Spam URL - Need to set this to 410 and request for removal via GSC
https://www.parcelmanagement.com/dp/503853363,Not found (404),Spam URL - Need to set this to 410 and request for removal via GSC
https://www.parcelmanagement.com/dp/504220685,Server error (5xx),Spam URL - Need to set this to 410 and request for removal via GSC
https://www.parcelmanagement.com/dp/504333951,Indexed pages,Spam URL - Need to set this to 410 and request for removal via GSC
https://www.parcelmanagement.com/dp/504514603,Indexed pages,Spam URL - Need to set this to 410 and request for removal via GSC
https://www.parcelmanagement.com/dp/50544261,Not found (404),Spam URL - Need to set this to 410 and request for removal via GSC
https://www.parcelmanagement.com/dp/505583691,Not found (404),Spam URL - Need to set this to 410 and request for removal via GSC
https://www.parcelmanagement.com/dp/505597051,Indexed pages,Spam URL - Need to set this to 410 and request for removal via GSC
https://www.parcelmanagement.com/dp/506267820,Not found (404),Spam URL - Need to set this to 410 and request for removal via GSC
https://www.parcelmanagement.com/dp/5068137,Indexed pages,Spam URL - Need to set this to 410 and request for removal via GSC
https://www.parcelmanagement.com/dp/507613395,Server error (5xx),Spam URL - Need to set this to 410 and request for removal via GSC
https://www.parcelmanagement.com/dp/508025166,Indexed pages,Spam URL - Need to set this to 410 and request for removal via GSC
https://www.parcelmanagement.com/dp/508226169,Not found (404),Spam URL - Need to set this to 410 and request for removal via GSC
https://www.parcelmanagement.com/dp/508428153,Indexed pages,Spam URL - Need to set this to 410 and request for removal via GSC
https://www.parcelmanagement.com/dp/511042675,Not found (404),Spam URL - Need to set this to 410 and request for removal via GSC
https://www.parcelmanagement.com/dp/511387643,Indexed pages,Spam URL - Need to set this to 410 and request for removal via GSC
https://www.parcelmanagement.com/dp/511793695,Not found (404),Spam URL - Need to set this to 410 and request for removal via GSC
https://www.parcelmanagement.com/dp/511965307,Indexed pages,Spam URL - Need to set this to 410 and request for removal via GSC
https://www.parcelmanagement.com/dp/512537726,Not found (404),Spam URL - Need to set this to 410 and request for removal via GSC
https://www.parcelmanagement.com/dp/512840413,Not found (404),Spam URL - Need to set this to 410 and request for removal via GSC
https://www.parcelmanagement.com/dp/512847314,Not found (404),Spam URL - Need to set this to 410 and request for removal via GSC
https://www.parcelmanagement.com/dp/514397132,Not found (404),Spam URL - Need to set this to 410 and request for removal via GSC
https://www.parcelmanagement.com/dp/515074632,Blocked by robots.txt,Spam URL - Need to set this to 410 and request for removal via GSC
https://www.parcelmanagement.com/dp/516000189,Server error (5xx),Spam URL - Need to set this to 410 and request for removal via GSC
https://www.parcelmanagement.com/dp/516121748,Indexed pages,Spam URL - Need to set this to 410 and request for removal via GSC
https://www.parcelmanagement.com/dp/516818535,Indexed pages,Spam URL - Need to set this to 410 and request for removal via GSC
https://www.parcelmanagement.com/dp/517072814,Indexed pages,Spam URL - Need to set this to 410 and request for removal via GSC
https://www.parcelmanagement.com/dp/517555865,Not found (404),Spam URL - Need to set this to 410 and request for removal via GSC
https://www.parcelmanagement.com/dp/517863462,Server error (5xx),Spam URL - Need to set this to 410 and request for removal via GSC
https://www.parcelmanagement.com/dp/518076032,Indexed pages,Spam URL - Need to set this to 410 and request for removal via GSC
https://www.parcelmanagement.com/dp/51827754,Not found (404),Spam URL - Need to set this to 410 and request for removal via GSC
https://www.parcelmanagement.com/dp/521203827,Not found (404),Spam URL - Need to set this to 410 and request for removal via GSC
https://www.parcelmanagement.com/dp/521417622,Indexed pages,Spam URL - Need to set this to 410 and request for removal via GSC
https://www.parcelmanagement.com/dp/521743440,Indexed pages,Spam URL - Need to set this to 410 and request for removal via GSC
https://www.parcelmanagement.com/dp/521885865,Not found (404),Spam URL - Need to set this to 410 and request for removal via GSC
https://www.parcelmanagement.com/dp/52193420,Indexed pages,Spam URL - Need to set this to 410 and request for removal via GSC
https://www.parcelmanagement.com/dp/522075012,Not found (404),Spam URL - Need to set this to 410 and request for removal via GSC
https://www.parcelmanagement.com/dp/522152526,Not found (404),Spam URL - Need to set this to 410 and request for removal via GSC
https://www.parcelmanagement.com/dp/522605465,Server error (5xx),Spam URL - Need to set this to 410 and request for removal via GSC
https://www.parcelmanagement.com/dp/522723643,Server error (5xx),Spam URL - Need to set this to 410 and request for removal via GSC
https://www.parcelmanagement.com/dp/522873493,Server error (5xx),Spam URL - Need to set this to 410 and request for removal via GSC
https://www.parcelmanagement.com/dp/523293472,Indexed pages,Spam URL - Need to set this to 410 and request for removal via GSC
https://www.parcelmanagement.com/dp/523365290,Not found (404),Spam URL - Need to set this to 410 and request for removal via GSC
https://www.parcelmanagement.com/dp/523580250,Indexed pages,Spam URL - Need to set this to 410 and request for removal via GSC
https://www.parcelmanagement.com/dp/523589090,Server error (5xx),Spam URL - Need to set this to 410 and request for removal via GSC
https://www.parcelmanagement.com/dp/523912394,Not found (404),Spam URL - Need to set this to 410 and request for removal via GSC
https://www.parcelmanagement.com/dp/524099896,Indexed pages,Spam URL - Need to set this to 410 and request for removal via GSC
https://www.parcelmanagement.com/dp/524172639,Not found (404),Spam URL - Need to set this to 410 and request for removal via GSC
https://www.parcelmanagement.com/dp/52441254,Not found (404),Spam URL - Need to set this to 410 and request for removal via GSC
https://www.parcelmanagement.com/dp/524974300,Not found (404),Spam URL - Need to set this to 410 and request for removal via GSC
https://www.parcelmanagement.com/dp/525018156,Server error (5xx),Spam URL - Need to set this to 410 and request for removal via GSC
https://www.parcelmanagement.com/dp/525066828,Not found (404),Spam URL - Need to set this to 410 and request for removal via GSC
https://www.parcelmanagement.com/dp/525426598,Indexed pages,Spam URL - Need to set this to 410 and request for removal via GSC
https://www.parcelmanagement.com/dp/525639373,Server error (5xx),Spam URL - Need to set this to 410 and request for removal via GSC
https://www.parcelmanagement.com/dp/525642558,Not found (404),Spam URL - Need to set this to 410 and request for removal via GSC
https://www.parcelmanagement.com/dp/526202026,Not found (404),Spam URL - Need to set this to 410 and request for removal via GSC
https://www.parcelmanagement.com/dp/526696368,Blocked by robots.txt,Spam URL - Need to set this to 410 and request for removal via GSC
https://www.parcelmanagement.com/dp/527512303,Not found (404),Spam URL - Need to set this to 410 and request for removal via GSC
https://www.parcelmanagement.com/dp/527693346,Not found (404),Spam URL - Need to set this to 410 and request for removal via GSC
https://www.parcelmanagement.com/dp/527701965,Not found (404),Spam URL - Need to set this to 410 and request for removal via GSC
https://www.parcelmanagement.com/dp/527837424,Not found (404),Spam URL - Need to set this to 410 and request for removal via GSC
https://www.parcelmanagement.com/dp/52785382,Indexed pages,Spam URL - Need to set this to 410 and request for removal via GSC
https://www.parcelmanagement.com/dp/52810269,Indexed pages,Spam URL - Need to set this to 410 and request for removal via GSC
https://www.parcelmanagement.com/dp/52830031,Not found (404),Spam URL - Need to set this to 410 and request for removal via GSC
https://www.parcelmanagement.com/dp/528336034,Indexed pages,Spam URL - Need to set this to 410 and request for removal via GSC
https://www.parcelmanagement.com/dp/531032814,Not found (404),Spam URL - Need to set this to 410 and request for removal via GSC
https://www.parcelmanagement.com/dp/531428367,Indexed pages,Spam URL - Need to set this to 410 and request for removal via GSC
https://www.parcelmanagement.com/dp/531606100,Not found (404),Spam URL - Need to set this to 410 and request for removal via GSC
https://www.parcelmanagement.com/dp/53177516,Server error (5xx),Spam URL - Need to set this to 410 and request for removal via GSC
https://www.parcelmanagement.com/dp/532337056,Not found (404),Spam URL - Need to set this to 410 and request for removal via GSC
https://www.parcelmanagement.com/dp/532539528,Indexed pages,Spam URL - Need to set this to 410 and request for removal via GSC
https://www.parcelmanagement.com/dp/533795168,Server error (5xx),Spam URL - Need to set this to 410 and request for removal via GSC
https://www.parcelmanagement.com/dp/533972867,Not found (404),Spam URL - Need to set this to 410 and request for removal via GSC
https://www.parcelmanagement.com/dp/53405424,Not found (404),Spam URL - Need to set this to 410 and request for removal via GSC
https://www.parcelmanagement.com/dp/534321463,Not found (404),Spam URL - Need to set this to 410 and request for removal via GSC
https://www.parcelmanagement.com/dp/534532977,Server error (5xx),Spam URL - Need to set this to 410 and request for removal via GSC
https://www.parcelmanagement.com/dp/534827599,Indexed pages,Spam URL - Need to set this to 410 and request for removal via GSC
https://www.parcelmanagement.com/dp/53509607,Indexed pages,Spam URL - Need to set this to 410 and request for removal via GSC
https://www.parcelmanagement.com/dp/535574915,Server error (5xx),Spam URL - Need to set this to 410 and request for removal via GSC
https://www.parcelmanagement.com/dp/536409311,Indexed pages,Spam URL - Need to set this to 410 and request for removal via GSC
https://www.parcelmanagement.com/dp/536762951,Server error (5xx),Spam URL - Need to set this to 410 and request for removal via GSC
https://www.parcelmanagement.com/dp/537395253,Not found (404),Spam URL - Need to set this to 410 and request for removal via GSC
https://www.parcelmanagement.com/dp/537500379,Not found (404),Spam URL - Need to set this to 410 and request for removal via GSC
https://www.parcelmanagement.com/dp/538014149,Not found (404),Spam URL - Need to set this to 410 and request for removal via GSC
https://www.parcelmanagement.com/dp/541116380,Server error (5xx),Spam URL - Need to set this to 410 and request for removal via GSC
https://www.parcelmanagement.com/dp/541244335,Server error (5xx),Spam URL - Need to set this to 410 and request for removal via GSC
https://www.parcelmanagement.com/dp/542085992,Indexed pages,Spam URL - Need to set this to 410 and request for removal via GSC
https://www.parcelmanagement.com/dp/542435436,Server error (5xx),Spam URL - Need to set this to 410 and request for removal via GSC
https://www.parcelmanagement.com/dp/542547469,Server error (5xx),Spam URL - Need to set this to 410 and request for removal via GSC
https://www.parcelmanagement.com/dp/542577933,Server error (5xx),Spam URL - Need to set this to 410 and request for removal via GSC
https://www.parcelmanagement.com/dp/542797062,Not found (404),Spam URL - Need to set this to 410 and request for removal via GSC
https://www.parcelmanagement.com/dp/544519536,Not found (404),Spam URL - Need to set this to 410 and request for removal via GSC
https://www.parcelmanagement.com/dp/545310509,Indexed pages,Spam URL - Need to set this to 410 and request for removal via GSC
https://www.parcelmanagement.com/dp/546047396,Indexed pages,Spam URL - Need to set this to 410 and request for removal via GSC
https://www.parcelmanagement.com/dp/546216523,Not found (404),Spam URL - Need to set this to 410 and request for removal via GSC
https://www.parcelmanagement.com/dp/546244931,Blocked by robots.txt,Spam URL - Need to set this to 410 and request for removal via GSC
https://www.parcelmanagement.com/dp/546744481,Server error (5xx),Spam URL - Need to set this to 410 and request for removal via GSC
https://www.parcelmanagement.com/dp/547840905,Indexed pages,Spam URL - Need to set this to 410 and request for removal via GSC
https://www.parcelmanagement.com/dp/548232973,Indexed pages,Spam URL - Need to set this to 410 and request for removal via GSC
https://www.parcelmanagement.com/dp/551190232,Not found (404),Spam URL - Need to set this to 410 and request for removal via GSC
https://www.parcelmanagement.com/dp/551846123,Server error (5xx),Spam URL - Need to set this to 410 and request for removal via GSC
https://www.parcelmanagement.com/dp/552411846,Indexed pages,Spam URL - Need to set this to 410 and request for removal via GSC
https://www.parcelmanagement.com/dp/553280964,Indexed pages,Spam URL - Need to set this to 410 and request for removal via GSC
https://www.parcelmanagement.com/dp/5538057,Server error (5xx),Spam URL - Need to set this to 410 and request for removal via GSC
https://www.parcelmanagement.com/dp/5538303,Not found (404),Spam URL - Need to set this to 410 and request for removal via GSC
https://www.parcelmanagement.com/dp/554170052,Server error (5xx),Spam URL - Need to set this to 410 and request for removal via GSC
https://www.parcelmanagement.com/dp/554661135,Indexed pages,Spam URL - Need to set this to 410 and request for removal via GSC
https://www.parcelmanagement.com/dp/555185998,Not found (404),Spam URL - Need to set this to 410 and request for removal via GSC
https://www.parcelmanagement.com/dp/555609296,Server error (5xx),Spam URL - Need to set this to 410 and request for removal via GSC
https://www.parcelmanagement.com/dp/555697787,Indexed pages,Spam URL - Need to set this to 410 and request for removal via GSC
https://www.parcelmanagement.com/dp/556045717,Not found (404),Spam URL - Need to set this to 410 and request for removal via GSC
https://www.parcelmanagement.com/dp/556718893,Indexed pages,Spam URL - Need to set this to 410 and request for removal via GSC
https://www.parcelmanagement.com/dp/556727165,Indexed pages,Spam URL - Need to set this to 410 and request for removal via GSC
https://www.parcelmanagement.com/dp/557090622,Indexed pages,Spam URL - Need to set this to 410 and request for removal via GSC
https://www.parcelmanagement.com/dp/557499815,Server error (5xx),Spam URL - Need to set this to 410 and request for removal via GSC
https://www.parcelmanagement.com/dp/557838197,Server error (5xx),Spam URL - Need to set this to 410 and request for removal via GSC
https://www.parcelmanagement.com/dp/558020370,Server error (5xx),Spam URL - Need to set this to 410 and request for removal via GSC
https://www.parcelmanagement.com/dp/558053390,Server error (5xx),Spam URL - Need to set this to 410 and request for removal via GSC
https://www.parcelmanagement.com/dp/558263500,Server error (5xx),Spam URL - Need to set this to 410 and request for removal via GSC
https://www.parcelmanagement.com/dp/561335249,Indexed pages,Spam URL - Need to set this to 410 and request for removal via GSC
https://www.parcelmanagement.com/dp/561743392,Not found (404),Spam URL - Need to set this to 410 and request for removal via GSC
https://www.parcelmanagement.com/dp/562001159,Not found (404),Spam URL - Need to set this to 410 and request for removal via GSC
https://www.parcelmanagement.com/dp/562332513,Not found (404),Spam URL - Need to set this to 410 and request for removal via GSC
https://www.parcelmanagement.com/dp/563059248,Indexed pages,Spam URL - Need to set this to 410 and request for removal via GSC
https://www.parcelmanagement.com/dp/563328603,Server error (5xx),Spam URL - Need to set this to 410 and request for removal via GSC
https://www.parcelmanagement.com/dp/564150296,Indexed pages,Spam URL - Need to set this to 410 and request for removal via GSC
https://www.parcelmanagement.com/dp/565105616,Indexed pages,Spam URL - Need to set this to 410 and request for removal via GSC
https://www.parcelmanagement.com/dp/565450695,Server error (5xx),Spam URL - Need to set this to 410 and request for removal via GSC
https://www.parcelmanagement.com/dp/565511091,Indexed pages,Spam URL - Need to set this to 410 and request for removal via GSC
https://www.parcelmanagement.com/dp/56585466,Server error (5xx),Spam URL - Need to set this to 410 and request for removal via GSC
https://www.parcelmanagement.com/dp/566070922,Not found (404),Spam URL - Need to set this to 410 and request for removal via GSC
https://www.parcelmanagement.com/dp/566081562,Indexed pages,Spam URL - Need to set this to 410 and request for removal via GSC
https://www.parcelmanagement.com/dp/56623212,Not found (404),Spam URL - Need to set this to 410 and request for removal via GSC
https://www.parcelmanagement.com/dp/566876709,Not found (404),Spam URL - Need to set this to 410 and request for removal via GSC
https://www.parcelmanagement.com/dp/571242542,Crawled - currently not indexed,Spam URL - Need to set this to 410 and request for removal via GSC
https://www.parcelmanagement.com/dp/571488035,Not found (404),Spam URL - Need to set this to 410 and request for removal via GSC
https://www.parcelmanagement.com/dp/571592502,Not found (404),Spam URL - Need to set this to 410 and request for removal via GSC
https://www.parcelmanagement.com/dp/571607262,Server error (5xx),Spam URL - Need to set this to 410 and request for removal via GSC
https://www.parcelmanagement.com/dp/572751501,Not found (404),Spam URL - Need to set this to 410 and request for removal via GSC
https://www.parcelmanagement.com/dp/572949952,Indexed pages,Spam URL - Need to set this to 410 and request for removal via GSC
https://www.parcelmanagement.com/dp/573822786,Server error (5xx),Spam URL - Need to set this to 410 and request for removal via GSC
https://www.parcelmanagement.com/dp/574916772,Indexed pages,Spam URL - Need to set this to 410 and request for removal via GSC
https://www.parcelmanagement.com/dp/575225810,Not found (404),Spam URL - Need to set this to 410 and request for removal via GSC
https://www.parcelmanagement.com/dp/57585399,Indexed pages,Spam URL - Need to set this to 410 and request for removal via GSC
https://www.parcelmanagement.com/dp/576102125,Not found (404),Spam URL - Need to set this to 410 and request for removal via GSC
https://www.parcelmanagement.com/dp/576105210,Server error (5xx),Spam URL - Need to set this to 410 and request for removal via GSC
https://www.parcelmanagement.com/dp/576696479,Not found (404),Spam URL - Need to set this to 410 and request for removal via GSC
https://www.parcelmanagement.com/dp/577871557,Not found (404),Spam URL - Need to set this to 410 and request for removal via GSC
https://www.parcelmanagement.com/dp/57988604,Not found (404),Spam URL - Need to set this to 410 and request for removal via GSC
https://www.parcelmanagement.com/dp/581025226,Indexed pages,Spam URL - Need to set this to 410 and request for removal via GSC
https://www.parcelmanagement.com/dp/58226742,Server error (5xx),Spam URL - Need to set this to 410 and request for removal via GSC
https://www.parcelmanagement.com/dp/582843930,Not found (404),Spam URL - Need to set this to 410 and request for removal via GSC
https://www.parcelmanagement.com/dp/58337323,Not found (404),Spam URL - Need to set this to 410 and request for removal via GSC
https://www.parcelmanagement.com/dp/583488430,Not found (404),Spam URL - Need to set this to 410 and request for removal via GSC
https://www.parcelmanagement.com/dp/584107145,Server error (5xx),Spam URL - Need to set this to 410 and request for removal via GSC
https://www.parcelmanagement.com/dp/584433675,Indexed pages,Spam URL - Need to set this to 410 and request for removal via GSC
https://www.parcelmanagement.com/dp/585069996,Indexed pages,Spam URL - Need to set this to 410 and request for removal via GSC
https://www.parcelmanagement.com/dp/585122928,Server error (5xx),Spam URL - Need to set this to 410 and request for removal via GSC
https://www.parcelmanagement.com/dp/585448088,Not found (404),Spam URL - Need to set this to 410 and request for removal via GSC
https://www.parcelmanagement.com/dp/585631847,Not found (404),Spam URL - Need to set this to 410 and request for removal via GSC
https://www.parcelmanagement.com/dp/587043941,Indexed pages,Spam URL - Need to set this to 410 and request for removal via GSC
https://www.parcelmanagement.com/dp/588444136,Indexed pages,Spam URL - Need to set this to 410 and request for removal via GSC
https://www.parcelmanagement.com/dp/59113135,Not found (404),Spam URL - Need to set this to 410 and request for removal via GSC
https://www.parcelmanagement.com/dp/591541941,Indexed pages,Spam URL - Need to set this to 410 and request for removal via GSC
https://www.parcelmanagement.com/dp/59187710,Indexed pages,Spam URL - Need to set this to 410 and request for removal via GSC
https://www.parcelmanagement.com/dp/592143784,Not found (404),Spam URL - Need to set this to 410 and request for removal via GSC
https://www.parcelmanagement.com/dp/592188572,Indexed pages,Spam URL - Need to set this to 410 and request for removal via GSC
https://www.parcelmanagement.com/dp/592304903,Server error (5xx),Spam URL - Need to set this to 410 and request for removal via GSC
https://www.parcelmanagement.com/dp/592382033,Blocked by robots.txt,Spam URL - Need to set this to 410 and request for removal via GSC
https://www.parcelmanagement.com/dp/593253920,Indexed pages,Spam URL - Need to set this to 410 and request for removal via GSC
https://www.parcelmanagement.com/dp/59421873,Blocked by robots.txt,Spam URL - Need to set this to 410 and request for removal via GSC
https://www.parcelmanagement.com/dp/594819579,Not found (404),Spam URL - Need to set this to 410 and request for removal via GSC
https://www.parcelmanagement.com/dp/594861637,Not found (404),Spam URL - Need to set this to 410 and request for removal via GSC
https://www.parcelmanagement.com/dp/595455044,Server error (5xx),Spam URL - Need to set this to 410 and request for removal via GSC
https://www.parcelmanagement.com/dp/595793302,Indexed pages,Spam URL - Need to set this to 410 and request for removal via GSC
https://www.parcelmanagement.com/dp/596722642,Not found (404),Spam URL - Need to set this to 410 and request for removal via GSC
https://www.parcelmanagement.com/dp/59685739,Indexed pages,Spam URL - Need to set this to 410 and request for removal via GSC
https://www.parcelmanagement.com/dp/597151142,Indexed pages,Spam URL - Need to set this to 410 and request for removal via GSC
https://www.parcelmanagement.com/dp/597275514,Server error (5xx),Spam URL - Need to set this to 410 and request for removal via GSC
https://www.parcelmanagement.com/dp/597292787,Indexed pages,Spam URL - Need to set this to 410 and request for removal via GSC
https://www.parcelmanagement.com/dp/597300054,Server error (5xx),Spam URL - Need to set this to 410 and request for removal via GSC
https://www.parcelmanagement.com/dp/597426184,Not found (404),Spam URL - Need to set this to 410 and request for removal via GSC
https://www.parcelmanagement.com/dp/597816768,Not found (404),Spam URL - Need to set this to 410 and request for removal via GSC
https://www.parcelmanagement.com/dp/59786361,Not found (404),Spam URL - Need to set this to 410 and request for removal via GSC
https://www.parcelmanagement.com/dp/598536410,Blocked by robots.txt,Spam URL - Need to set this to 410 and request for removal via GSC
https://www.parcelmanagement.com/dp/5a2835339,Indexed pages,Spam URL - Need to set this to 410 and request for removal via GSC
https://www.parcelmanagement.com/dp/5a3121822,Indexed pages,Spam URL - Need to set this to 410 and request for removal via GSC
https://www.parcelmanagement.com/dp/5a3535521,Indexed pages,Spam URL - Need to set this to 410 and request for removal via GSC
https://www.parcelmanagement.com/dp/5a4347147,Not found (404),Spam URL - Need to set this to 410 and request for removal via GSC
https://www.parcelmanagement.com/dp/5a5534862,Not found (404),Spam URL - Need to set this to 410 and request for removal via GSC
https://www.parcelmanagement.com/dp/5a6073790,Not found (404),Spam URL - Need to set this to 410 and request for removal via GSC
https://www.parcelmanagement.com/dp/5a8507898,Blocked by robots.txt,Spam URL - Need to set this to 410 and request for removal via GSC
https://www.parcelmanagement.com/dp/5b2650726,Indexed pages,Spam URL - Need to set this to 410 and request for removal via GSC
https://www.parcelmanagement.com/dp/5b3053128,Server error (5xx),Spam URL - Need to set this to 410 and request for removal via GSC
https://www.parcelmanagement.com/dp/5b3286590,Indexed pages,Spam URL - Need to set this to 410 and request for removal via GSC
https://www.parcelmanagement.com/dp/5b3720737,Indexed pages,Spam URL - Need to set this to 410 and request for removal via GSC
https://www.parcelmanagement.com/dp/5b3748680,Not found (404),Spam URL - Need to set this to 410 and request for removal via GSC
https://www.parcelmanagement.com/dp/5b4952378,Not found (404),Spam URL - Need to set this to 410 and request for removal via GSC
https://www.parcelmanagement.com/dp/5b5179717,Not found (404),Spam URL - Need to set this to 410 and request for removal via GSC
https://www.parcelmanagement.com/dp/5b5818170,Blocked by robots.txt,Spam URL - Need to set this to 410 and request for removal via GSC
https://www.parcelmanagement.com/dp/5b5823454,Indexed pages,Spam URL - Need to set this to 410 and request for removal via GSC
https://www.parcelmanagement.com/dp/5b5914590,Not found (404),Spam URL - Need to set this to 410 and request for removal via GSC
https://www.parcelmanagement.com/dp/5b7291592,Indexed pages,Spam URL - Need to set this to 410 and request for removal via GSC
https://www.parcelmanagement.com/dp/5b7578881,Indexed pages,Spam URL - Need to set this to 410 and request for removal via GSC
https://www.parcelmanagement.com/dp/5b8162010,Server error (5xx),Spam URL - Need to set this to 410 and request for removal via GSC
https://www.parcelmanagement.com/dp/5b874488,Not found (404),Spam URL - Need to set this to 410 and request for removal via GSC
https://www.parcelmanagement.com/dp/5c4209935,Indexed pages,Spam URL - Need to set this to 410 and request for removal via GSC
https://www.parcelmanagement.com/dp/5c6628341,Not found (404),Spam URL - Need to set this to 410 and request for removal via GSC
https://www.parcelmanagement.com/dp/5c6666363,Server error (5xx),Spam URL - Need to set this to 410 and request for removal via GSC
https://www.parcelmanagement.com/dp/5c7906109,Not found (404),Spam URL - Need to set this to 410 and request for removal via GSC
https://www.parcelmanagement.com/dp/5c99204,Not found (404),Spam URL - Need to set this to 410 and request for removal via GSC
https://www.parcelmanagement.com/dp/5d1300484,Indexed pages,Spam URL - Need to set this to 410 and request for removal via GSC
https://www.parcelmanagement.com/dp/5d1852307,Not found (404),Spam URL - Need to set this to 410 and request for removal via GSC
https://www.parcelmanagement.com/dp/5d3382446,Not found (404),Spam URL - Need to set this to 410 and request for removal via GSC
https://www.parcelmanagement.com/dp/5d3472578,Server error (5xx),Spam URL - Need to set this to 410 and request for removal via GSC
https://www.parcelmanagement.com/dp/5d3983298,Indexed pages,Spam URL - Need to set this to 410 and request for removal via GSC
https://www.parcelmanagement.com/dp/5d4871820,Server error (5xx),Spam URL - Need to set this to 410 and request for removal via GSC
https://www.parcelmanagement.com/dp/5d6905444,Blocked by robots.txt,Spam URL - Need to set this to 410 and request for removal via GSC
https://www.parcelmanagement.com/dp/5e2691435,Indexed pages,Spam URL - Need to set this to 410 and request for removal via GSC
https://www.parcelmanagement.com/dp/5e2927115,Not found (404),Spam URL - Need to set this to 410 and request for removal via GSC
https://www.parcelmanagement.com/dp/5e4887270,Server error (5xx),Spam URL - Need to set this to 410 and request for removal via GSC
https://www.parcelmanagement.com/dp/5e6537350,Not found (404),Spam URL - Need to set this to 410 and request for removal via GSC
https://www.parcelmanagement.com/dp/5f129335,Indexed pages,Spam URL - Need to set this to 410 and request for removal via GSC
https://www.parcelmanagement.com/dp/5f1659187,Blocked by robots.txt,Spam URL - Need to set this to 410 and request for removal via GSC
https://www.parcelmanagement.com/dp/5f1681190,Blocked by robots.txt,Spam URL - Need to set this to 410 and request for removal via GSC
https://www.parcelmanagement.com/dp/5f3348102,Indexed pages,Spam URL - Need to set this to 410 and request for removal via GSC
https://www.parcelmanagement.com/dp/5f4660809,Not found (404),Spam URL - Need to set this to 410 and request for removal via GSC
https://www.parcelmanagement.com/dp/5f5539681,Indexed pages,Spam URL - Need to set this to 410 and request for removal via GSC
https://www.parcelmanagement.com/dp/5f5684955,Indexed pages,Spam URL - Need to set this to 410 and request for removal via GSC
https://www.parcelmanagement.com/dp/5f5709711,Not found (404),Spam URL - Need to set this to 410 and request for removal via GSC
https://www.parcelmanagement.com/dp/5f6626468,Not found (404),Spam URL - Need to set this to 410 and request for removal via GSC
https://www.parcelmanagement.com/dp/5f7902291,Not found (404),Spam URL - Need to set this to 410 and request for removal via GSC
https://www.parcelmanagement.com/dp/601326983,Not found (404),Spam URL - Need to set this to 410 and request for removal via GSC
https://www.parcelmanagement.com/dp/602398620,Indexed pages,Spam URL - Need to set this to 410 and request for removal via GSC
https://www.parcelmanagement.com/dp/602507784,Blocked by robots.txt,Spam URL - Need to set this to 410 and request for removal via GSC
https://www.parcelmanagement.com/dp/604912192,Not found (404),Spam URL - Need to set this to 410 and request for removal via GSC
https://www.parcelmanagement.com/dp/605240612,Blocked by robots.txt,Spam URL - Need to set this to 410 and request for removal via GSC
https://www.parcelmanagement.com/dp/606631534,Server error (5xx),Spam URL - Need to set this to 410 and request for removal via GSC
https://www.parcelmanagement.com/dp/606653482,Not found (404),Spam URL - Need to set this to 410 and request for removal via GSC
https://www.parcelmanagement.com/dp/606789815,Indexed pages,Spam URL - Need to set this to 410 and request for removal via GSC
https://www.parcelmanagement.com/dp/606897491,Server error (5xx),Spam URL - Need to set this to 410 and request for removal via GSC
https://www.parcelmanagement.com/dp/607115175,Server error (5xx),Spam URL - Need to set this to 410 and request for removal via GSC
https://www.parcelmanagement.com/dp/607188430,Indexed pages,Spam URL - Need to set this to 410 and request for removal via GSC
https://www.parcelmanagement.com/dp/60901761,Indexed pages,Spam URL - Need to set this to 410 and request for removal via GSC
https://www.parcelmanagement.com/dp/60937022,Indexed pages,Spam URL - Need to set this to 410 and request for removal via GSC
https://www.parcelmanagement.com/dp/60962358,Indexed pages,Spam URL - Need to set this to 410 and request for removal via GSC
https://www.parcelmanagement.com/dp/612275149,Indexed pages,Spam URL - Need to set this to 410 and request for removal via GSC
https://www.parcelmanagement.com/dp/613348816,Indexed pages,Spam URL - Need to set this to 410 and request for removal via GSC
https://www.parcelmanagement.com/dp/613376602,Indexed pages,Spam URL - Need to set this to 410 and request for removal via GSC
https://www.parcelmanagement.com/dp/614211464,Blocked by robots.txt,Spam URL - Need to set this to 410 and request for removal via GSC
https://www.parcelmanagement.com/dp/614909076,Indexed pages,Spam URL - Need to set this to 410 and request for removal via GSC
https://www.parcelmanagement.com/dp/61683205,Indexed pages,Spam URL - Need to set this to 410 and request for removal via GSC
https://www.parcelmanagement.com/dp/616832959,Indexed pages,Spam URL - Need to set this to 410 and request for removal via GSC
https://www.parcelmanagement.com/dp/61692038,Indexed pages,Spam URL - Need to set this to 410 and request for removal via GSC
https://www.parcelmanagement.com/dp/617624832,Indexed pages,Spam URL - Need to set this to 410 and request for removal via GSC
https://www.parcelmanagement.com/dp/617860185,Server error (5xx),Spam URL - Need to set this to 410 and request for removal via GSC
https://www.parcelmanagement.com/dp/618163552,Not found (404),Spam URL - Need to set this to 410 and request for removal via GSC
https://www.parcelmanagement.com/dp/618562282,Not found (404),Spam URL - Need to set this to 410 and request for removal via GSC
https://www.parcelmanagement.com/dp/621718193,Not found (404),Spam URL - Need to set this to 410 and request for removal via GSC
https://www.parcelmanagement.com/dp/62274325,Not found (404),Spam URL - Need to set this to 410 and request for removal via GSC
https://www.parcelmanagement.com/dp/623304026,Server error (5xx),Spam URL - Need to set this to 410 and request for removal via GSC
https://www.parcelmanagement.com/dp/623392340,Not found (404),Spam URL - Need to set this to 410 and request for removal via GSC
https://www.parcelmanagement.com/dp/623528691,Not found (404),Spam URL - Need to set this to 410 and request for removal via GSC
https://www.parcelmanagement.com/dp/623958264,Not found (404),Spam URL - Need to set this to 410 and request for removal via GSC
https://www.parcelmanagement.com/dp/624045957,Not found (404),Spam URL - Need to set this to 410 and request for removal via GSC
https://www.parcelmanagement.com/dp/624545511,Server error (5xx),Spam URL - Need to set this to 410 and request for removal via GSC
https://www.parcelmanagement.com/dp/624603289,Not found (404),Spam URL - Need to set this to 410 and request for removal via GSC
https://www.parcelmanagement.com/dp/625036695,Not found (404),Spam URL - Need to set this to 410 and request for removal via GSC
https://www.parcelmanagement.com/dp/625204248,Not found (404),Spam URL - Need to set this to 410 and request for removal via GSC
https://www.parcelmanagement.com/dp/625614885,Indexed pages,Spam URL - Need to set this to 410 and request for removal via GSC
https://www.parcelmanagement.com/dp/626366604,Indexed pages,Spam URL - Need to set this to 410 and request for removal via GSC
https://www.parcelmanagement.com/dp/626381324,Server error (5xx),Spam URL - Need to set this to 410 and request for removal via GSC
https://www.parcelmanagement.com/dp/626587087,Server error (5xx),Spam URL - Need to set this to 410 and request for removal via GSC
https://www.parcelmanagement.com/dp/626711807,Indexed pages,Spam URL - Need to set this to 410 and request for removal via GSC
https://www.parcelmanagement.com/dp/627230031,Blocked by robots.txt,Spam URL - Need to set this to 410 and request for removal via GSC
https://www.parcelmanagement.com/dp/628274452,Server error (5xx),Spam URL - Need to set this to 410 and request for removal via GSC
https://www.parcelmanagement.com/dp/628612422,Server error (5xx),Spam URL - Need to set this to 410 and request for removal via GSC
https://www.parcelmanagement.com/dp/628619333,Server error (5xx),Spam URL - Need to set this to 410 and request for removal via GSC
https://www.parcelmanagement.com/dp/633411987,Indexed pages,Spam URL - Need to set this to 410 and request for removal via GSC
https://www.parcelmanagement.com/dp/633701698,Indexed pages,Spam URL - Need to set this to 410 and request for removal via GSC
https://www.parcelmanagement.com/dp/634014353,Indexed pages,Spam URL - Need to set this to 410 and request for removal via GSC
https://www.parcelmanagement.com/dp/636181063,Not found (404),Spam URL - Need to set this to 410 and request for removal via GSC
https://www.parcelmanagement.com/dp/638014715,Server error (5xx),Spam URL - Need to set this to 410 and request for removal via GSC
https://www.parcelmanagement.com/dp/641052729,Blocked by robots.txt,Spam URL - Need to set this to 410 and request for removal via GSC
https://www.parcelmanagement.com/dp/641265546,Indexed pages,Spam URL - Need to set this to 410 and request for removal via GSC
https://www.parcelmanagement.com/dp/641992807,Server error (5xx),Spam URL - Need to set this to 410 and request for removal via GSC
https://www.parcelmanagement.com/dp/642683504,Indexed pages,Spam URL - Need to set this to 410 and request for removal via GSC
https://www.parcelmanagement.com/dp/642705753,Not found (404),Spam URL - Need to set this to 410 and request for removal via GSC
https://www.parcelmanagement.com/dp/644125424,Indexed pages,Spam URL - Need to set this to 410 and request for removal via GSC
https://www.parcelmanagement.com/dp/64504117,Not found (404),Spam URL - Need to set this to 410 and request for removal via GSC
https://www.parcelmanagement.com/dp/645210867,Not found (404),Spam URL - Need to set this to 410 and request for removal via GSC
https://www.parcelmanagement.com/dp/64598023,Server error (5xx),Spam URL - Need to set this to 410 and request for removal via GSC
https://www.parcelmanagement.com/dp/646334920,Not found (404),Spam URL - Need to set this to 410 and request for removal via GSC
https://www.parcelmanagement.com/dp/646389362,Server error (5xx),Spam URL - Need to set this to 410 and request for removal via GSC
https://www.parcelmanagement.com/dp/646829228,Server error (5xx),Spam URL - Need to set this to 410 and request for removal via GSC
https://www.parcelmanagement.com/dp/64757272,Indexed pages,Spam URL - Need to set this to 410 and request for removal via GSC
https://www.parcelmanagement.com/dp/647750142,Not found (404),Spam URL - Need to set this to 410 and request for removal via GSC
https://www.parcelmanagement.com/dp/651123926,Not found (404),Spam URL - Need to set this to 410 and request for removal via GSC
https://www.parcelmanagement.com/dp/651434332,Not found (404),Spam URL - Need to set this to 410 and request for removal via GSC
https://www.parcelmanagement.com/dp/651601185,Not found (404),Spam URL - Need to set this to 410 and request for removal via GSC
https://www.parcelmanagement.com/dp/651947222,Indexed pages,Spam URL - Need to set this to 410 and request for removal via GSC
https://www.parcelmanagement.com/dp/652407973,Indexed pages,Spam URL - Need to set this to 410 and request for removal via GSC
https://www.parcelmanagement.com/dp/653001319,Not found (404),Spam URL - Need to set this to 410 and request for removal via GSC
https://www.parcelmanagement.com/dp/653247291,Not found (404),Spam URL - Need to set this to 410 and request for removal via GSC
https://www.parcelmanagement.com/dp/654003968,Indexed pages,Spam URL - Need to set this to 410 and request for removal via GSC
https://www.parcelmanagement.com/dp/655354566,Indexed pages,Spam URL - Need to set this to 410 and request for removal via GSC
https://www.parcelmanagement.com/dp/656578987,Blocked by robots.txt,Spam URL - Need to set this to 410 and request for removal via GSC
https://www.parcelmanagement.com/dp/657145498,Indexed pages,Spam URL - Need to set this to 410 and request for removal via GSC
https://www.parcelmanagement.com/dp/657704765,Server error (5xx),Spam URL - Need to set this to 410 and request for removal via GSC
https://www.parcelmanagement.com/dp/657848959,Not found (404),Spam URL - Need to set this to 410 and request for removal via GSC
https://www.parcelmanagement.com/dp/658326255,Indexed pages,Spam URL - Need to set this to 410 and request for removal via GSC
https://www.parcelmanagement.com/dp/661310227,Indexed pages,Spam URL - Need to set this to 410 and request for removal via GSC
https://www.parcelmanagement.com/dp/661485457,Indexed pages,Spam URL - Need to set this to 410 and request for removal via GSC
https://www.parcelmanagement.com/dp/662317736,Indexed pages,Spam URL - Need to set this to 410 and request for removal via GSC
https://www.parcelmanagement.com/dp/662525425,Indexed pages,Spam URL - Need to set this to 410 and request for removal via GSC
https://www.parcelmanagement.com/dp/663488249,Server error (5xx),Spam URL - Need to set this to 410 and request for removal via GSC
https://www.parcelmanagement.com/dp/663852145,Not found (404),Spam URL - Need to set this to 410 and request for removal via GSC
https://www.parcelmanagement.com/dp/664580618,Not found (404),Spam URL - Need to set this to 410 and request for removal via GSC
https://www.parcelmanagement.com/dp/664877563,Not found (404),Spam URL - Need to set this to 410 and request for removal via GSC
https://www.parcelmanagement.com/dp/666624033,Indexed pages,Spam URL - Need to set this to 410 and request for removal via GSC
https://www.parcelmanagement.com/dp/666815360,Indexed pages,Spam URL - Need to set this to 410 and request for removal via GSC
https://www.parcelmanagement.com/dp/667279185,Not found (404),Spam URL - Need to set this to 410 and request for removal via GSC
https://www.parcelmanagement.com/dp/667316200,Not found (404),Spam URL - Need to set this to 410 and request for removal via GSC
https://www.parcelmanagement.com/dp/667416077,Not found (404),Spam URL - Need to set this to 410 and request for removal via GSC
https://www.parcelmanagement.com/dp/668458083,Not found (404),Spam URL - Need to set this to 410 and request for removal via GSC
https://www.parcelmanagement.com/dp/67117978,Indexed pages,Spam URL - Need to set this to 410 and request for removal via GSC
https://www.parcelmanagement.com/dp/671579604,Indexed pages,Spam URL - Need to set this to 410 and request for removal via GSC
https://www.parcelmanagement.com/dp/672064641,Server error (5xx),Spam URL - Need to set this to 410 and request for removal via GSC
https://www.parcelmanagement.com/dp/672949043,Not found (404),Spam URL - Need to set this to 410 and request for removal via GSC
https://www.parcelmanagement.com/dp/675781722,Not found (404),Spam URL - Need to set this to 410 and request for removal via GSC
https://www.parcelmanagement.com/dp/676129505,Not found (404),Spam URL - Need to set this to 410 and request for removal via GSC
https://www.parcelmanagement.com/dp/676615655,Not found (404),Spam URL - Need to set this to 410 and request for removal via GSC
https://www.parcelmanagement.com/dp/676681079,Server error (5xx),Spam URL - Need to set this to 410 and request for removal via GSC
https://www.parcelmanagement.com/dp/676992952,Not found (404),Spam URL - Need to set this to 410 and request for removal via GSC
https://www.parcelmanagement.com/dp/677374705,Server error (5xx),Spam URL - Need to set this to 410 and request for removal via GSC
https://www.parcelmanagement.com/dp/677393918,Indexed pages,Spam URL - Need to set this to 410 and request for removal via GSC
https://www.parcelmanagement.com/dp/677678310,Indexed pages,Spam URL - Need to set this to 410 and request for removal via GSC
https://www.parcelmanagement.com/dp/677941007,Server error (5xx),Spam URL - Need to set this to 410 and request for removal via GSC
https://www.parcelmanagement.com/dp/682608641,Server error (5xx),Spam URL - Need to set this to 410 and request for removal via GSC
https://www.parcelmanagement.com/dp/682856740,Server error (5xx),Spam URL - Need to set this to 410 and request for removal via GSC
https://www.parcelmanagement.com/dp/683486574,Not found (404),Spam URL - Need to set this to 410 and request for removal via GSC
https://www.parcelmanagement.com/dp/683951701,Indexed pages,Spam URL - Need to set this to 410 and request for removal via GSC
https://www.parcelmanagement.com/dp/684501698,Indexed pages,Spam URL - Need to set this to 410 and request for removal via GSC
https://www.parcelmanagement.com/dp/685084512,Server error (5xx),Spam URL - Need to set this to 410 and request for removal via GSC
https://www.parcelmanagement.com/dp/686327297,Indexed pages,Spam URL - Need to set this to 410 and request for removal via GSC
https://www.parcelmanagement.com/dp/686848336,Not found (404),Spam URL - Need to set this to 410 and request for removal via GSC
https://www.parcelmanagement.com/dp/687203169,Indexed pages,Spam URL - Need to set this to 410 and request for removal via GSC
https://www.parcelmanagement.com/dp/68751022,Indexed pages,Spam URL - Need to set this to 410 and request for removal via GSC
https://www.parcelmanagement.com/dp/691074625,Not found (404),Spam URL - Need to set this to 410 and request for removal via GSC
https://www.parcelmanagement.com/dp/69109571,Server error (5xx),Spam URL - Need to set this to 410 and request for removal via GSC
https://www.parcelmanagement.com/dp/691676313,Indexed pages,Spam URL - Need to set this to 410 and request for removal via GSC
https://www.parcelmanagement.com/dp/691711294,Indexed pages,Spam URL - Need to set this to 410 and request for removal via GSC
https://www.parcelmanagement.com/dp/692355673,Not found (404),Spam URL - Need to set this to 410 and request for removal via GSC
https://www.parcelmanagement.com/dp/692898293,Not found (404),Spam URL - Need to set this to 410 and request for removal via GSC
https://www.parcelmanagement.com/dp/693086445,Not found (404),Spam URL - Need to set this to 410 and request for removal via GSC
https://www.parcelmanagement.com/dp/69378899,Indexed pages,Spam URL - Need to set this to 410 and request for removal via GSC
https://www.parcelmanagement.com/dp/694552559,Not found (404),Spam URL - Need to set this to 410 and request for removal via GSC
https://www.parcelmanagement.com/dp/694788181,Crawled - currently not indexed,Spam URL - Need to set this to 410 and request for removal via GSC
https://www.parcelmanagement.com/dp/694915699,Indexed pages,Spam URL - Need to set this to 410 and request for removal via GSC
https://www.parcelmanagement.com/dp/695642608,Indexed pages,Spam URL - Need to set this to 410 and request for removal via GSC
https://www.parcelmanagement.com/dp/698386988,Server error (5xx),Spam URL - Need to set this to 410 and request for removal via GSC
https://www.parcelmanagement.com/dp/698632242,Blocked by robots.txt,Spam URL - Need to set this to 410 and request for removal via GSC
https://www.parcelmanagement.com/dp/6a1178223,Not found (404),Spam URL - Need to set this to 410 and request for removal via GSC
https://www.parcelmanagement.com/dp/6a1568714,Not found (404),Spam URL - Need to set this to 410 and request for removal via GSC
https://www.parcelmanagement.com/dp/6a2344690,Not found (404),Spam URL - Need to set this to 410 and request for removal via GSC
https://www.parcelmanagement.com/dp/6a2809973,Not found (404),Spam URL - Need to set this to 410 and request for removal via GSC
https://www.parcelmanagement.com/dp/6a3231498,Not found (404),Spam URL - Need to set this to 410 and request for removal via GSC
https://www.parcelmanagement.com/dp/6a3370402,Not found (404),Spam URL - Need to set this to 410 and request for removal via GSC
https://www.parcelmanagement.com/dp/6a3577499,Not found (404),Spam URL - Need to set this to 410 and request for removal via GSC
https://www.parcelmanagement.com/dp/6a4377600,Indexed pages,Spam URL - Need to set this to 410 and request for removal via GSC
https://www.parcelmanagement.com/dp/6a4411232,Not found (404),Spam URL - Need to set this to 410 and request for removal via GSC
https://www.parcelmanagement.com/dp/6a5009186,Not found (404),Spam URL - Need to set this to 410 and request for removal via GSC
https://www.parcelmanagement.com/dp/6a5881035,Not found (404),Spam URL - Need to set this to 410 and request for removal via GSC
https://www.parcelmanagement.com/dp/6a8572042,Indexed pages,Spam URL - Need to set this to 410 and request for removal via GSC
https://www.parcelmanagement.com/dp/6a8594934,Crawled - currently not indexed,Spam URL - Need to set this to 410 and request for removal via GSC
https://www.parcelmanagement.com/dp/6b2158809,Server error (5xx),Spam URL - Need to set this to 410 and request for removal via GSC
https://www.parcelmanagement.com/dp/6b3014772,Not found (404),Spam URL - Need to set this to 410 and request for removal via GSC
https://www.parcelmanagement.com/dp/6b375229,Server error (5xx),Spam URL - Need to set this to 410 and request for removal via GSC
https://www.parcelmanagement.com/dp/6b6714667,Indexed pages,Spam URL - Need to set this to 410 and request for removal via GSC
https://www.parcelmanagement.com/dp/6b7074999,Server error (5xx),Spam URL - Need to set this to 410 and request for removal via GSC
https://www.parcelmanagement.com/dp/6b7736958,Blocked by robots.txt,Spam URL - Need to set this to 410 and request for removal via GSC
https://www.parcelmanagement.com/dp/6b7896854,Server error (5xx),Spam URL - Need to set this to 410 and request for removal via GSC
https://www.parcelmanagement.com/dp/6c104491,Not found (404),Spam URL - Need to set this to 410 and request for removal via GSC
https://www.parcelmanagement.com/dp/6c1207753,Indexed pages,Spam URL - Need to set this to 410 and request for removal via GSC
https://www.parcelmanagement.com/dp/6c1566891,Blocked by robots.txt,Spam URL - Need to set this to 410 and request for removal via GSC
https://www.parcelmanagement.com/dp/6c2517930,Indexed pages,Spam URL - Need to set this to 410 and request for removal via GSC
https://www.parcelmanagement.com/dp/6c4483940,Indexed pages,Spam URL - Need to set this to 410 and request for removal via GSC
https://www.parcelmanagement.com/dp/6c6009674,Blocked by robots.txt,Spam URL - Need to set this to 410 and request for removal via GSC
https://www.parcelmanagement.com/dp/6c7808680,Not found (404),Spam URL - Need to set this to 410 and request for removal via GSC
https://www.parcelmanagement.com/dp/6c7860415,Indexed pages,Spam URL - Need to set this to 410 and request for removal via GSC
https://www.parcelmanagement.com/dp/6d177608,Server error (5xx),Spam URL - Need to set this to 410 and request for removal via GSC
https://www.parcelmanagement.com/dp/6d1786390,Not found (404),Spam URL - Need to set this to 410 and request for removal via GSC
https://www.parcelmanagement.com/dp/6d2323438,Not found (404),Spam URL - Need to set this to 410 and request for removal via GSC
https://www.parcelmanagement.com/dp/6d4063312,Indexed pages,Spam URL - Need to set this to 410 and request for removal via GSC
https://www.parcelmanagement.com/dp/6d4632546,Not found (404),Spam URL - Need to set this to 410 and request for removal via GSC
https://www.parcelmanagement.com/dp/6d5251883,Indexed pages,Spam URL - Need to set this to 410 and request for removal via GSC
https://www.parcelmanagement.com/dp/6d7121158,Indexed pages,Spam URL - Need to set this to 410 and request for removal via GSC
https://www.parcelmanagement.com/dp/6d8037500,Server error (5xx),Spam URL - Need to set this to 410 and request for removal via GSC
https://www.parcelmanagement.com/dp/6e1801277,Indexed pages,Spam URL - Need to set this to 410 and request for removal via GSC
https://www.parcelmanagement.com/dp/6e3572647,Indexed pages,Spam URL - Need to set this to 410 and request for removal via GSC
https://www.parcelmanagement.com/dp/6e8210607,Indexed pages,Spam URL - Need to set this to 410 and request for removal via GSC
https://www.parcelmanagement.com/dp/6f1084934,Server error (5xx),Spam URL - Need to set this to 410 and request for removal via GSC
https://www.parcelmanagement.com/dp/6f1247980,Indexed pages,Spam URL - Need to set this to 410 and request for removal via GSC
https://www.parcelmanagement.com/dp/6f1756829,Indexed pages,Spam URL - Need to set this to 410 and request for removal via GSC
https://www.parcelmanagement.com/dp/6f5753953,Server error (5xx),Spam URL - Need to set this to 410 and request for removal via GSC
https://www.parcelmanagement.com/dp/6f6183943,Blocked by robots.txt,Spam URL - Need to set this to 410 and request for removal via GSC
https://www.parcelmanagement.com/dp/6f6971470,Server error (5xx),Spam URL - Need to set this to 410 and request for removal via GSC
https://www.parcelmanagement.com/dp/6f7812415,Indexed pages,Spam URL - Need to set this to 410 and request for removal via GSC
https://www.parcelmanagement.com/dp/6f8422430,Server error (5xx),Spam URL - Need to set this to 410 and request for removal via GSC
https://www.parcelmanagement.com/dp/6f8463522,Server error (5xx),Spam URL - Need to set this to 410 and request for removal via GSC
https://www.parcelmanagement.com/dp/701396395,Crawled - currently not indexed,Spam URL - Need to set this to 410 and request for removal via GSC
https://www.parcelmanagement.com/dp/701985525,Server error (5xx),Spam URL - Need to set this to 410 and request for removal via GSC
https://www.parcelmanagement.com/dp/702192652,Not found (404),Spam URL - Need to set this to 410 and request for removal via GSC
https://www.parcelmanagement.com/dp/702665899,Indexed pages,Spam URL - Need to set this to 410 and request for removal via GSC
https://www.parcelmanagement.com/dp/703433627,Indexed pages,Spam URL - Need to set this to 410 and request for removal via GSC
https://www.parcelmanagement.com/dp/703576310,Server error (5xx),Spam URL - Need to set this to 410 and request for removal via GSC
https://www.parcelmanagement.com/dp/703690481,Server error (5xx),Spam URL - Need to set this to 410 and request for removal via GSC
https://www.parcelmanagement.com/dp/703725440,Not found (404),Spam URL - Need to set this to 410 and request for removal via GSC
https://www.parcelmanagement.com/dp/704587908,Not found (404),Spam URL - Need to set this to 410 and request for removal via GSC
https://www.parcelmanagement.com/dp/704816727,Not found (404),Spam URL - Need to set this to 410 and request for removal via GSC
https://www.parcelmanagement.com/dp/705587725,Indexed pages,Spam URL - Need to set this to 410 and request for removal via GSC
https://www.parcelmanagement.com/dp/705647718,Blocked by robots.txt,Spam URL - Need to set this to 410 and request for removal via GSC
https://www.parcelmanagement.com/dp/707764892,Indexed pages,Spam URL - Need to set this to 410 and request for removal via GSC
https://www.parcelmanagement.com/dp/708041644,Not found (404),Spam URL - Need to set this to 410 and request for removal via GSC
https://www.parcelmanagement.com/dp/708157104,Not found (404),Spam URL - Need to set this to 410 and request for removal via GSC
https://www.parcelmanagement.com/dp/708280759,Indexed pages,Spam URL - Need to set this to 410 and request for removal via GSC
https://www.parcelmanagement.com/dp/708469492,Indexed pages,Spam URL - Need to set this to 410 and request for removal via GSC
https://www.parcelmanagement.com/dp/708509923,Indexed pages,Spam URL - Need to set this to 410 and request for removal via GSC
https://www.parcelmanagement.com/dp/71115253,Not found (404),Spam URL - Need to set this to 410 and request for removal via GSC
https://www.parcelmanagement.com/dp/711277876,Indexed pages,Spam URL - Need to set this to 410 and request for removal via GSC
https://www.parcelmanagement.com/dp/711999031,Indexed pages,Spam URL - Need to set this to 410 and request for removal via GSC
https://www.parcelmanagement.com/dp/712745382,Server error (5xx),Spam URL - Need to set this to 410 and request for removal via GSC
https://www.parcelmanagement.com/dp/713854661,Indexed pages,Spam URL - Need to set this to 410 and request for removal via GSC
https://www.parcelmanagement.com/dp/714726994,Not found (404),Spam URL - Need to set this to 410 and request for removal via GSC
https://www.parcelmanagement.com/dp/715052353,Server error (5xx),Spam URL - Need to set this to 410 and request for removal via GSC
https://www.parcelmanagement.com/dp/715110579,Not found (404),Spam URL - Need to set this to 410 and request for removal via GSC
https://www.parcelmanagement.com/dp/715784339,Indexed pages,Spam URL - Need to set this to 410 and request for removal via GSC
https://www.parcelmanagement.com/dp/716169226,Server error (5xx),Spam URL - Need to set this to 410 and request for removal via GSC
https://www.parcelmanagement.com/dp/716577725,Indexed pages,Spam URL - Need to set this to 410 and request for removal via GSC
https://www.parcelmanagement.com/dp/717477724,Not found (404),Spam URL - Need to set this to 410 and request for removal via GSC
https://www.parcelmanagement.com/dp/71772786,Not found (404),Spam URL - Need to set this to 410 and request for removal via GSC
https://www.parcelmanagement.com/dp/718168889,Not found (404),Spam URL - Need to set this to 410 and request for removal via GSC
https://www.parcelmanagement.com/dp/718320832,Indexed pages,Spam URL - Need to set this to 410 and request for removal via GSC
https://www.parcelmanagement.com/dp/718490089,Indexed pages,Spam URL - Need to set this to 410 and request for removal via GSC
https://www.parcelmanagement.com/dp/71987371,Indexed pages,Spam URL - Need to set this to 410 and request for removal via GSC
https://www.parcelmanagement.com/dp/721489396,Indexed pages,Spam URL - Need to set this to 410 and request for removal via GSC
https://www.parcelmanagement.com/dp/721514082,Server error (5xx),Spam URL - Need to set this to 410 and request for removal via GSC
https://www.parcelmanagement.com/dp/722000347,Blocked by robots.txt,Spam URL - Need to set this to 410 and request for removal via GSC
https://www.parcelmanagement.com/dp/722293270,Indexed pages,Spam URL - Need to set this to 410 and request for removal via GSC
https://www.parcelmanagement.com/dp/724053336,Server error (5xx),Spam URL - Need to set this to 410 and request for removal via GSC
https://www.parcelmanagement.com/dp/724139999,Indexed pages,Spam URL - Need to set this to 410 and request for removal via GSC
https://www.parcelmanagement.com/dp/724292198,Indexed pages,Spam URL - Need to set this to 410 and request for removal via GSC
https://www.parcelmanagement.com/dp/724774126,Server error (5xx),Spam URL - Need to set this to 410 and request for removal via GSC
https://www.parcelmanagement.com/dp/725479167,Server error (5xx),Spam URL - Need to set this to 410 and request for removal via GSC
https://www.parcelmanagement.com/dp/726667978,Not found (404),Spam URL - Need to set this to 410 and request for removal via GSC
https://www.parcelmanagement.com/dp/72705654,Indexed pages,Spam URL - Need to set this to 410 and request for removal via GSC
https://www.parcelmanagement.com/dp/727201210,Not found (404),Spam URL - Need to set this to 410 and request for removal via GSC
https://www.parcelmanagement.com/dp/727309411,Indexed pages,Spam URL - Need to set this to 410 and request for removal via GSC
https://www.parcelmanagement.com/dp/727674521,Indexed pages,Spam URL - Need to set this to 410 and request for removal via GSC
https://www.parcelmanagement.com/dp/731021336,Server error (5xx),Spam URL - Need to set this to 410 and request for removal via GSC
https://www.parcelmanagement.com/dp/73173755,Indexed pages,Spam URL - Need to set this to 410 and request for removal via GSC
https://www.parcelmanagement.com/dp/731840089,Not found (404),Spam URL - Need to set this to 410 and request for removal via GSC
https://www.parcelmanagement.com/dp/732183091,Not found (404),Spam URL - Need to set this to 410 and request for removal via GSC
https://www.parcelmanagement.com/dp/732445557,Server error (5xx),Spam URL - Need to set this to 410 and request for removal via GSC
https://www.parcelmanagement.com/dp/732863948,Server error (5xx),Spam URL - Need to set this to 410 and request for removal via GSC
https://www.parcelmanagement.com/dp/733642698,Server error (5xx),Spam URL - Need to set this to 410 and request for removal via GSC
https://www.parcelmanagement.com/dp/734332814,Not found (404),Spam URL - Need to set this to 410 and request for removal via GSC
https://www.parcelmanagement.com/dp/734617501,Server error (5xx),Spam URL - Need to set this to 410 and request for removal via GSC
https://www.parcelmanagement.com/dp/734711387,Indexed pages,Spam URL - Need to set this to 410 and request for removal via GSC
https://www.parcelmanagement.com/dp/734859993,Not found (404),Spam URL - Need to set this to 410 and request for removal via GSC
https://www.parcelmanagement.com/dp/735057119,Not found (404),Spam URL - Need to set this to 410 and request for removal via GSC
https://www.parcelmanagement.com/dp/735987250,Server error (5xx),Spam URL - Need to set this to 410 and request for removal via GSC
https://www.parcelmanagement.com/dp/737501155,Not found (404),Spam URL - Need to set this to 410 and request for removal via GSC
https://www.parcelmanagement.com/dp/737547068,Server error (5xx),Spam URL - Need to set this to 410 and request for removal via GSC
https://www.parcelmanagement.com/dp/73761820,Indexed pages,Spam URL - Need to set this to 410 and request for removal via GSC
https://www.parcelmanagement.com/dp/737912818,Server error (5xx),Spam URL - Need to set this to 410 and request for removal via GSC
https://www.parcelmanagement.com/dp/738181610,Server error (5xx),Spam URL - Need to set this to 410 and request for removal via GSC
https://www.parcelmanagement.com/dp/738225814,Indexed pages,Spam URL - Need to set this to 410 and request for removal via GSC
https://www.parcelmanagement.com/dp/738249602,Server error (5xx),Spam URL - Need to set this to 410 and request for removal via GSC
https://www.parcelmanagement.com/dp/741703446,Server error (5xx),Spam URL - Need to set this to 410 and request for removal via GSC
https://www.parcelmanagement.com/dp/742094267,Not found (404),Spam URL - Need to set this to 410 and request for removal via GSC
https://www.parcelmanagement.com/dp/742104552,Server error (5xx),Spam URL - Need to set this to 410 and request for removal via GSC
https://www.parcelmanagement.com/dp/742473764,Not found (404),Spam URL - Need to set this to 410 and request for removal via GSC
https://www.parcelmanagement.com/dp/743466510,Indexed pages,Spam URL - Need to set this to 410 and request for removal via GSC
https://www.parcelmanagement.com/dp/744410268,Not found (404),Spam URL - Need to set this to 410 and request for removal via GSC
https://www.parcelmanagement.com/dp/744445634,Server error (5xx),Spam URL - Need to set this to 410 and request for removal via GSC
https://www.parcelmanagement.com/dp/744863386,Not found (404),Spam URL - Need to set this to 410 and request for removal via GSC
https://www.parcelmanagement.com/dp/745002281,Server error (5xx),Spam URL - Need to set this to 410 and request for removal via GSC
https://www.parcelmanagement.com/dp/746939195,Blocked by robots.txt,Spam URL - Need to set this to 410 and request for removal via GSC
https://www.parcelmanagement.com/dp/748386607,Server error (5xx),Spam URL - Need to set this to 410 and request for removal via GSC
https://www.parcelmanagement.com/dp/751133448,Indexed pages,Spam URL - Need to set this to 410 and request for removal via GSC
https://www.parcelmanagement.com/dp/751540053,Indexed pages,Spam URL - Need to set this to 410 and request for removal via GSC
https://www.parcelmanagement.com/dp/75196615,Indexed pages,Spam URL - Need to set this to 410 and request for removal via GSC
https://www.parcelmanagement.com/dp/752023478,Server error (5xx),Spam URL - Need to set this to 410 and request for removal via GSC
https://www.parcelmanagement.com/dp/752794652,Server error (5xx),Spam URL - Need to set this to 410 and request for removal via GSC
https://www.parcelmanagement.com/dp/753479661,Server error (5xx),Spam URL - Need to set this to 410 and request for removal via GSC
https://www.parcelmanagement.com/dp/75349055,Not found (404),Spam URL - Need to set this to 410 and request for removal via GSC
https://www.parcelmanagement.com/dp/753661862,Indexed pages,Spam URL - Need to set this to 410 and request for removal via GSC
https://www.parcelmanagement.com/dp/754708843,Indexed pages,Spam URL - Need to set this to 410 and request for removal via GSC
https://www.parcelmanagement.com/dp/755045810,Indexed pages,Spam URL - Need to set this to 410 and request for removal via GSC
https://www.parcelmanagement.com/dp/756256825,Server error (5xx),Spam URL - Need to set this to 410 and request for removal via GSC
https://www.parcelmanagement.com/dp/756685461,Indexed pages,Spam URL - Need to set this to 410 and request for removal via GSC
https://www.parcelmanagement.com/dp/757330236,Not found (404),Spam URL - Need to set this to 410 and request for removal via GSC
https://www.parcelmanagement.com/dp/761450014,Not found (404),Spam URL - Need to set this to 410 and request for removal via GSC
https://www.parcelmanagement.com/dp/761623530,Indexed pages,Spam URL - Need to set this to 410 and request for removal via GSC
https://www.parcelmanagement.com/dp/762669858,Not found (404),Spam URL - Need to set this to 410 and request for removal via GSC
https://www.parcelmanagement.com/dp/762800631,Not found (404),Spam URL - Need to set this to 410 and request for removal via GSC
https://www.parcelmanagement.com/dp/763317161,Indexed pages,Spam URL - Need to set this to 410 and request for removal via GSC
https://www.parcelmanagement.com/dp/763390165,Not found (404),Spam URL - Need to set this to 410 and request for removal via GSC
https://www.parcelmanagement.com/dp/763436813,Indexed pages,Spam URL - Need to set this to 410 and request for removal via GSC
https://www.parcelmanagement.com/dp/763961241,Not found (404),Spam URL - Need to set this to 410 and request for removal via GSC
https://www.parcelmanagement.com/dp/764248836,Server error (5xx),Spam URL - Need to set this to 410 and request for removal via GSC
https://www.parcelmanagement.com/dp/76522479,Not found (404),Spam URL - Need to set this to 410 and request for removal via GSC
https://www.parcelmanagement.com/dp/76539957,Server error (5xx),Spam URL - Need to set this to 410 and request for removal via GSC
https://www.parcelmanagement.com/dp/767107956,Indexed pages,Spam URL - Need to set this to 410 and request for removal via GSC
https://www.parcelmanagement.com/dp/771718462,Indexed pages,Spam URL - Need to set this to 410 and request for removal via GSC
https://www.parcelmanagement.com/dp/772290422,Not found (404),Spam URL - Need to set this to 410 and request for removal via GSC
https://www.parcelmanagement.com/dp/772833305,Not found (404),Spam URL - Need to set this to 410 and request for removal via GSC
https://www.parcelmanagement.com/dp/772853617,Indexed pages,Spam URL - Need to set this to 410 and request for removal via GSC
https://www.parcelmanagement.com/dp/77534841,Not found (404),Spam URL - Need to set this to 410 and request for removal via GSC
https://www.parcelmanagement.com/dp/775408249,Not found (404),Spam URL - Need to set this to 410 and request for removal via GSC
https://www.parcelmanagement.com/dp/775764295,Not found (404),Spam URL - Need to set this to 410 and request for removal via GSC
https://www.parcelmanagement.com/dp/775833979,Indexed pages,Spam URL - Need to set this to 410 and request for removal via GSC
https://www.parcelmanagement.com/dp/776497153,Indexed pages,Spam URL - Need to set this to 410 and request for removal via GSC
https://www.parcelmanagement.com/dp/776608072,Indexed pages,Spam URL - Need to set this to 410 and request for removal via GSC
https://www.parcelmanagement.com/dp/776697858,Indexed pages,Spam URL - Need to set this to 410 and request for removal via GSC
https://www.parcelmanagement.com/dp/776914599,Not found (404),Spam URL - Need to set this to 410 and request for removal via GSC
https://www.parcelmanagement.com/dp/776917123,Indexed pages,Spam URL - Need to set this to 410 and request for removal via GSC
https://www.parcelmanagement.com/dp/778269361,Server error (5xx),Spam URL - Need to set this to 410 and request for removal via GSC
https://www.parcelmanagement.com/dp/778596381,Server error (5xx),Spam URL - Need to set this to 410 and request for removal via GSC
https://www.parcelmanagement.com/dp/78120649,Server error (5xx),Spam URL - Need to set this to 410 and request for removal via GSC
https://www.parcelmanagement.com/dp/781309005,Indexed pages,Spam URL - Need to set this to 410 and request for removal via GSC
https://www.parcelmanagement.com/dp/78186583,Indexed pages,Spam URL - Need to set this to 410 and request for removal via GSC
https://www.parcelmanagement.com/dp/782520643,Server error (5xx),Spam URL - Need to set this to 410 and request for removal via GSC
https://www.parcelmanagement.com/dp/782827446,Server error (5xx),Spam URL - Need to set this to 410 and request for removal via GSC
https://www.parcelmanagement.com/dp/783426839,Not found (404),Spam URL - Need to set this to 410 and request for removal via GSC
https://www.parcelmanagement.com/dp/783622553,Not found (404),Spam URL - Need to set this to 410 and request for removal via GSC
https://www.parcelmanagement.com/dp/784159624,Server error (5xx),Spam URL - Need to set this to 410 and request for removal via GSC
https://www.parcelmanagement.com/dp/784318724,Indexed pages,Spam URL - Need to set this to 410 and request for removal via GSC
https://www.parcelmanagement.com/dp/785091436,Not found (404),Spam URL - Need to set this to 410 and request for removal via GSC
https://www.parcelmanagement.com/dp/785695750,Server error (5xx),Spam URL - Need to set this to 410 and request for removal via GSC
https://www.parcelmanagement.com/dp/786797169,Not found (404),Spam URL - Need to set this to 410 and request for removal via GSC
https://www.parcelmanagement.com/dp/787106603,Blocked by robots.txt,Spam URL - Need to set this to 410 and request for removal via GSC
https://www.parcelmanagement.com/dp/78782351,Server error (5xx),Spam URL - Need to set this to 410 and request for removal via GSC
https://www.parcelmanagement.com/dp/788172564,Not found (404),Spam URL - Need to set this to 410 and request for removal via GSC
https://www.parcelmanagement.com/dp/791121656,Not found (404),Spam URL - Need to set this to 410 and request for removal via GSC
https://www.parcelmanagement.com/dp/79284225,Server error (5xx),Spam URL - Need to set this to 410 and request for removal via GSC
https://www.parcelmanagement.com/dp/792957788,Not found (404),Spam URL - Need to set this to 410 and request for removal via GSC
https://www.parcelmanagement.com/dp/793255582,Crawled - currently not indexed,Spam URL - Need to set this to 410 and request for removal via GSC
https://www.parcelmanagement.com/dp/793635717,Blocked by robots.txt,Spam URL - Need to set this to 410 and request for removal via GSC
https://www.parcelmanagement.com/dp/793699797,Indexed pages,Spam URL - Need to set this to 410 and request for removal via GSC
https://www.parcelmanagement.com/dp/794835143,Blocked by robots.txt,Spam URL - Need to set this to 410 and request for removal via GSC
https://www.parcelmanagement.com/dp/795492728,Indexed pages,Spam URL - Need to set this to 410 and request for removal via GSC
https://www.parcelmanagement.com/dp/79570051,Not found (404),Spam URL - Need to set this to 410 and request for removal via GSC
https://www.parcelmanagement.com/dp/796064996,Indexed pages,Spam URL - Need to set this to 410 and request for removal via GSC
https://www.parcelmanagement.com/dp/796971755,Not found (404),Spam URL - Need to set this to 410 and request for removal via GSC
https://www.parcelmanagement.com/dp/797100073,Indexed pages,Spam URL - Need to set this to 410 and request for removal via GSC
https://www.parcelmanagement.com/dp/797456150,Crawled - currently not indexed,Spam URL - Need to set this to 410 and request for removal via GSC
https://www.parcelmanagement.com/dp/79748551,Not found (404),Spam URL - Need to set this to 410 and request for removal via GSC
https://www.parcelmanagement.com/dp/797563252,Indexed pages,Spam URL - Need to set this to 410 and request for removal via GSC
https://www.parcelmanagement.com/dp/797914512,Indexed pages,Spam URL - Need to set this to 410 and request for removal via GSC
https://www.parcelmanagement.com/dp/798034188,Indexed pages,Spam URL - Need to set this to 410 and request for removal via GSC
https://www.parcelmanagement.com/dp/798196480,Server error (5xx),Spam URL - Need to set this to 410 and request for removal via GSC
https://www.parcelmanagement.com/dp/7a1274105,Server error (5xx),Spam URL - Need to set this to 410 and request for removal via GSC
https://www.parcelmanagement.com/dp/7a1373076,Indexed pages,Spam URL - Need to set this to 410 and request for removal via GSC
https://www.parcelmanagement.com/dp/7a2189969,Not found (404),Spam URL - Need to set this to 410 and request for removal via GSC
https://www.parcelmanagement.com/dp/7a2847963,Indexed pages,Spam URL - Need to set this to 410 and request for removal via GSC
https://www.parcelmanagement.com/dp/7a4034338,Not found (404),Spam URL - Need to set this to 410 and request for removal via GSC
https://www.parcelmanagement.com/dp/7a4303790,Not found (404),Spam URL - Need to set this to 410 and request for removal via GSC
https://www.parcelmanagement.com/dp/7a4351250,Not found (404),Spam URL - Need to set this to 410 and request for removal via GSC
https://www.parcelmanagement.com/dp/7a4718076,Server error (5xx),Spam URL - Need to set this to 410 and request for removal via GSC
https://www.parcelmanagement.com/dp/7a5967181,Indexed pages,Spam URL - Need to set this to 410 and request for removal via GSC
https://www.parcelmanagement.com/dp/7a626130,Server error (5xx),Spam URL - Need to set this to 410 and request for removal via GSC
https://www.parcelmanagement.com/dp/7a6500530,Not found (404),Spam URL - Need to set this to 410 and request for removal via GSC
https://www.parcelmanagement.com/dp/7a7420447,Server error (5xx),Spam URL - Need to set this to 410 and request for removal via GSC
https://www.parcelmanagement.com/dp/7a7937597,Not found (404),Spam URL - Need to set this to 410 and request for removal via GSC
https://www.parcelmanagement.com/dp/7a929060,Not found (404),Spam URL - Need to set this to 410 and request for removal via GSC
https://www.parcelmanagement.com/dp/7b1396747,Not found (404),Spam URL - Need to set this to 410 and request for removal via GSC
https://www.parcelmanagement.com/dp/7b1722462,Server error (5xx),Spam URL - Need to set this to 410 and request for removal via GSC
https://www.parcelmanagement.com/dp/7b2147256,Indexed pages,Spam URL - Need to set this to 410 and request for removal via GSC
https://www.parcelmanagement.com/dp/7b2364599,Not found (404),Spam URL - Need to set this to 410 and request for removal via GSC
https://www.parcelmanagement.com/dp/7b4513168,Not found (404),Spam URL - Need to set this to 410 and request for removal via GSC
https://www.parcelmanagement.com/dp/7b643346,Not found (404),Spam URL - Need to set this to 410 and request for removal via GSC
https://www.parcelmanagement.com/dp/7c1400150,Server error (5xx),Spam URL - Need to set this to 410 and request for removal via GSC
https://www.parcelmanagement.com/dp/7c3101782,Not found (404),Spam URL - Need to set this to 410 and request for removal via GSC
https://www.parcelmanagement.com/dp/7c3803525,Indexed pages,Spam URL - Need to set this to 410 and request for removal via GSC
https://www.parcelmanagement.com/dp/7c4017855,Indexed pages,Spam URL - Need to set this to 410 and request for removal via GSC
https://www.parcelmanagement.com/dp/7c4283522,Not found (404),Spam URL - Need to set this to 410 and request for removal via GSC
https://www.parcelmanagement.com/dp/7c509067,Not found (404),Spam URL - Need to set this to 410 and request for removal via GSC
https://www.parcelmanagement.com/dp/7c5711207,Indexed pages,Spam URL - Need to set this to 410 and request for removal via GSC
https://www.parcelmanagement.com/dp/7c7176904,Blocked by robots.txt,Spam URL - Need to set this to 410 and request for removal via GSC
https://www.parcelmanagement.com/dp/7c8638797,Server error (5xx),Spam URL - Need to set this to 410 and request for removal via GSC
https://www.parcelmanagement.com/dp/7d1467753,Server error (5xx),Spam URL - Need to set this to 410 and request for removal via GSC
https://www.parcelmanagement.com/dp/7d5281781,Not found (404),Spam URL - Need to set this to 410 and request for removal via GSC
https://www.parcelmanagement.com/dp/7d5311702,Indexed pages,Spam URL - Need to set this to 410 and request for removal via GSC
https://www.parcelmanagement.com/dp/7d7295684,Indexed pages,Spam URL - Need to set this to 410 and request for removal via GSC
https://www.parcelmanagement.com/dp/7e1137556,Not found (404),Spam URL - Need to set this to 410 and request for removal via GSC
https://www.parcelmanagement.com/dp/7e148749,Indexed pages,Spam URL - Need to set this to 410 and request for removal via GSC
https://www.parcelmanagement.com/dp/7e2872361,Blocked by robots.txt,Spam URL - Need to set this to 410 and request for removal via GSC
https://www.parcelmanagement.com/dp/7e3515175,Not found (404),Spam URL - Need to set this to 410 and request for removal via GSC
https://www.parcelmanagement.com/dp/7e4034214,Indexed pages,Spam URL - Need to set this to 410 and request for removal via GSC
https://www.parcelmanagement.com/dp/7e415444,Blocked by robots.txt,Spam URL - Need to set this to 410 and request for removal via GSC
https://www.parcelmanagement.com/dp/7e4328204,Indexed pages,Spam URL - Need to set this to 410 and request for removal via GSC
https://www.parcelmanagement.com/dp/7e5717664,Not found (404),Spam URL - Need to set this to 410 and request for removal via GSC
https://www.parcelmanagement.com/dp/7e7060902,Indexed pages,Spam URL - Need to set this to 410 and request for removal via GSC
https://www.parcelmanagement.com/dp/7e7249875,Indexed pages,Spam URL - Need to set this to 410 and request for removal via GSC
https://www.parcelmanagement.com/dp/7e7717803,Server error (5xx),Spam URL - Need to set this to 410 and request for removal via GSC
https://www.parcelmanagement.com/dp/7e7821857,Indexed pages,Spam URL - Need to set this to 410 and request for removal via GSC
https://www.parcelmanagement.com/dp/7e8428531,Indexed pages,Spam URL - Need to set this to 410 and request for removal via GSC
https://www.parcelmanagement.com/dp/7f1579826,Not found (404),Spam URL - Need to set this to 410 and request for removal via GSC
https://www.parcelmanagement.com/dp/7f1962072,Indexed pages,Spam URL - Need to set this to 410 and request for removal via GSC
https://www.parcelmanagement.com/dp/7f2046219,Indexed pages,Spam URL - Need to set this to 410 and request for removal via GSC
https://www.parcelmanagement.com/dp/7f2212399,Crawled - currently not indexed,Spam URL - Need to set this to 410 and request for removal via GSC
https://www.parcelmanagement.com/dp/7f3572075,Indexed pages,Spam URL - Need to set this to 410 and request for removal via GSC
https://www.parcelmanagement.com/dp/7f4023080,Not found (404),Spam URL - Need to set this to 410 and request for removal via GSC
https://www.parcelmanagement.com/dp/7f5833680,Not found (404),Spam URL - Need to set this to 410 and request for removal via GSC
https://www.parcelmanagement.com/dp/7f5899004,Server error (5xx),Spam URL - Need to set this to 410 and request for removal via GSC
https://www.parcelmanagement.com/dp/7f5917862,Not found (404),Spam URL - Need to set this to 410 and request for removal via GSC
https://www.parcelmanagement.com/dp/801054837,Indexed pages,Spam URL - Need to set this to 410 and request for removal via GSC
https://www.parcelmanagement.com/dp/802251609,Indexed pages,Spam URL - Need to set this to 410 and request for removal via GSC
https://www.parcelmanagement.com/dp/802602844,Not found (404),Spam URL - Need to set this to 410 and request for removal via GSC
https://www.parcelmanagement.com/dp/803291236,Not found (404),Spam URL - Need to set this to 410 and request for removal via GSC
https://www.parcelmanagement.com/dp/803537205,Indexed pages,Spam URL - Need to set this to 410 and request for removal via GSC
https://www.parcelmanagement.com/dp/803953525,Indexed pages,Spam URL - Need to set this to 410 and request for removal via GSC
https://www.parcelmanagement.com/dp/804727974,Not found (404),Spam URL - Need to set this to 410 and request for removal via GSC
https://www.parcelmanagement.com/dp/805050562,Server error (5xx),Spam URL - Need to set this to 410 and request for removal via GSC
https://www.parcelmanagement.com/dp/805490778,Server error (5xx),Spam URL - Need to set this to 410 and request for removal via GSC
https://www.parcelmanagement.com/dp/806286939,Indexed pages,Spam URL - Need to set this to 410 and request for removal via GSC
https://www.parcelmanagement.com/dp/806364425,Indexed pages,Spam URL - Need to set this to 410 and request for removal via GSC
https://www.parcelmanagement.com/dp/806442652,Not found (404),Spam URL - Need to set this to 410 and request for removal via GSC
https://www.parcelmanagement.com/dp/806539805,Not found (404),Spam URL - Need to set this to 410 and request for removal via GSC
https://www.parcelmanagement.com/dp/806819005,Not found (404),Spam URL - Need to set this to 410 and request for removal via GSC
https://www.parcelmanagement.com/dp/807301842,Not found (404),Spam URL - Need to set this to 410 and request for removal via GSC
https://www.parcelmanagement.com/dp/807344725,Not found (404),Spam URL - Need to set this to 410 and request for removal via GSC
https://www.parcelmanagement.com/dp/8078644,Not found (404),Spam URL - Need to set this to 410 and request for removal via GSC
https://www.parcelmanagement.com/dp/808009474,Server error (5xx),Spam URL - Need to set this to 410 and request for removal via GSC
https://www.parcelmanagement.com/dp/808529580,Indexed pages,Spam URL - Need to set this to 410 and request for removal via GSC
https://www.parcelmanagement.com/dp/80994077,Indexed pages,Spam URL - Need to set this to 410 and request for removal via GSC
https://www.parcelmanagement.com/dp/811901510,Indexed pages,Spam URL - Need to set this to 410 and request for removal via GSC
https://www.parcelmanagement.com/dp/812991317,Not found (404),Spam URL - Need to set this to 410 and request for removal via GSC
https://www.parcelmanagement.com/dp/813209204,Server error (5xx),Spam URL - Need to set this to 410 and request for removal via GSC
https://www.parcelmanagement.com/dp/813516934,Server error (5xx),Spam URL - Need to set this to 410 and request for removal via GSC
https://www.parcelmanagement.com/dp/81435880,Server error (5xx),Spam URL - Need to set this to 410 and request for removal via GSC
https://www.parcelmanagement.com/dp/814737994,Not found (404),Spam URL - Need to set this to 410 and request for removal via GSC
https://www.parcelmanagement.com/dp/815304374,Indexed pages,Spam URL - Need to set this to 410 and request for removal via GSC
https://www.parcelmanagement.com/dp/816665420,Server error (5xx),Spam URL - Need to set this to 410 and request for removal via GSC
https://www.parcelmanagement.com/dp/816939452,Indexed pages,Spam URL - Need to set this to 410 and request for removal via GSC
https://www.parcelmanagement.com/dp/817203208,Indexed pages,Spam URL - Need to set this to 410 and request for removal via GSC
https://www.parcelmanagement.com/dp/81753377,Not found (404),Spam URL - Need to set this to 410 and request for removal via GSC
https://www.parcelmanagement.com/dp/818004251,Not found (404),Spam URL - Need to set this to 410 and request for removal via GSC
https://www.parcelmanagement.com/dp/818119849,Indexed pages,Spam URL - Need to set this to 410 and request for removal via GSC
https://www.parcelmanagement.com/dp/818177882,Indexed pages,Spam URL - Need to set this to 410 and request for removal via GSC
https://www.parcelmanagement.com/dp/818246350,Not found (404),Spam URL - Need to set this to 410 and request for removal via GSC
https://www.parcelmanagement.com/dp/818309166,Not found (404),Spam URL - Need to set this to 410 and request for removal via GSC
https://www.parcelmanagement.com/dp/81957134,Not found (404),Spam URL - Need to set this to 410 and request for removal via GSC
https://www.parcelmanagement.com/dp/821491942,Server error (5xx),Spam URL - Need to set this to 410 and request for removal via GSC
https://www.parcelmanagement.com/dp/82220274,Indexed pages,Spam URL - Need to set this to 410 and request for removal via GSC
https://www.parcelmanagement.com/dp/822310563,Not found (404),Spam URL - Need to set this to 410 and request for removal via GSC
https://www.parcelmanagement.com/dp/822312210,Not found (404),Spam URL - Need to set this to 410 and request for removal via GSC
https://www.parcelmanagement.com/dp/822859871,Not found (404),Spam URL - Need to set this to 410 and request for removal via GSC
https://www.parcelmanagement.com/dp/823375863,Indexed pages,Spam URL - Need to set this to 410 and request for removal via GSC
https://www.parcelmanagement.com/dp/823551610,Indexed pages,Spam URL - Need to set this to 410 and request for removal via GSC
https://www.parcelmanagement.com/dp/823615728,Indexed pages,Spam URL - Need to set this to 410 and request for removal via GSC
https://www.parcelmanagement.com/dp/82425923,Server error (5xx),Spam URL - Need to set this to 410 and request for removal via GSC
https://www.parcelmanagement.com/dp/824293089,Indexed pages,Spam URL - Need to set this to 410 and request for removal via GSC
https://www.parcelmanagement.com/dp/824582181,Not found (404),Spam URL - Need to set this to 410 and request for removal via GSC
https://www.parcelmanagement.com/dp/824941683,Server error (5xx),Spam URL - Need to set this to 410 and request for removal via GSC
https://www.parcelmanagement.com/dp/825974053,Server error (5xx),Spam URL - Need to set this to 410 and request for removal via GSC
https://www.parcelmanagement.com/dp/825997447,Indexed pages,Spam URL - Need to set this to 410 and request for removal via GSC
https://www.parcelmanagement.com/dp/826619122,Not found (404),Spam URL - Need to set this to 410 and request for removal via GSC
https://www.parcelmanagement.com/dp/82897944,Indexed pages,Spam URL - Need to set this to 410 and request for removal via GSC
https://www.parcelmanagement.com/dp/82956538,Indexed pages,Spam URL - Need to set this to 410 and request for removal via GSC
https://www.parcelmanagement.com/dp/831101978,Not found (404),Spam URL - Need to set this to 410 and request for removal via GSC
https://www.parcelmanagement.com/dp/831878285,Indexed pages,Spam URL - Need to set this to 410 and request for removal via GSC
https://www.parcelmanagement.com/dp/831904697,Not found (404),Spam URL - Need to set this to 410 and request for removal via GSC
https://www.parcelmanagement.com/dp/832202726,Not found (404),Spam URL - Need to set this to 410 and request for removal via GSC
https://www.parcelmanagement.com/dp/833062331,Indexed pages,Spam URL - Need to set this to 410 and request for removal via GSC
https://www.parcelmanagement.com/dp/833239655,Not found (404),Spam URL - Need to set this to 410 and request for removal via GSC
https://www.parcelmanagement.com/dp/833402529,Indexed pages,Spam URL - Need to set this to 410 and request for removal via GSC
https://www.parcelmanagement.com/dp/833592698,Blocked by robots.txt,Spam URL - Need to set this to 410 and request for removal via GSC
https://www.parcelmanagement.com/dp/833931372,Indexed pages,Spam URL - Need to set this to 410 and request for removal via GSC
https://www.parcelmanagement.com/dp/835440877,Not found (404),Spam URL - Need to set this to 410 and request for removal via GSC
https://www.parcelmanagement.com/dp/836219436,Not found (404),Spam URL - Need to set this to 410 and request for removal via GSC
https://www.parcelmanagement.com/dp/837085329,Indexed pages,Spam URL - Need to set this to 410 and request for removal via GSC
https://www.parcelmanagement.com/dp/837517310,Indexed pages,Spam URL - Need to set this to 410 and request for removal via GSC
https://www.parcelmanagement.com/dp/837923148,Indexed pages,Spam URL - Need to set this to 410 and request for removal via GSC
https://www.parcelmanagement.com/dp/838030170,Not found (404),Spam URL - Need to set this to 410 and request for removal via GSC
https://www.parcelmanagement.com/dp/838536443,Server error (5xx),Spam URL - Need to set this to 410 and request for removal via GSC
https://www.parcelmanagement.com/dp/841431312,Server error (5xx),Spam URL - Need to set this to 410 and request for removal via GSC
https://www.parcelmanagement.com/dp/84172003,Indexed pages,Spam URL - Need to set this to 410 and request for removal via GSC
https://www.parcelmanagement.com/dp/842016558,Indexed pages,Spam URL - Need to set this to 410 and request for removal via GSC
https://www.parcelmanagement.com/dp/843446262,Not found (404),Spam URL - Need to set this to 410 and request for removal via GSC
https://www.parcelmanagement.com/dp/843661796,Indexed pages,Spam URL - Need to set this to 410 and request for removal via GSC
https://www.parcelmanagement.com/dp/84614232,Indexed pages,Spam URL - Need to set this to 410 and request for removal via GSC
https://www.parcelmanagement.com/dp/846940723,Indexed pages,Spam URL - Need to set this to 410 and request for removal via GSC
https://www.parcelmanagement.com/dp/847040956,Indexed pages,Spam URL - Need to set this to 410 and request for removal via GSC
https://www.parcelmanagement.com/dp/847472859,Indexed pages,Spam URL - Need to set this to 410 and request for removal via GSC
https://www.parcelmanagement.com/dp/847758853,Not found (404),Spam URL - Need to set this to 410 and request for removal via GSC
https://www.parcelmanagement.com/dp/848159502,Blocked by robots.txt,Spam URL - Need to set this to 410 and request for removal via GSC
https://www.parcelmanagement.com/dp/848346671,Server error (5xx),Spam URL - Need to set this to 410 and request for removal via GSC
https://www.parcelmanagement.com/dp/848482965,Indexed pages,Spam URL - Need to set this to 410 and request for removal via GSC
https://www.parcelmanagement.com/dp/8485147,Not found (404),Spam URL - Need to set this to 410 and request for removal via GSC
https://www.parcelmanagement.com/dp/84852646,Not found (404),Spam URL - Need to set this to 410 and request for removal via GSC
https://www.parcelmanagement.com/dp/851286621,Indexed pages,Spam URL - Need to set this to 410 and request for removal via GSC
https://www.parcelmanagement.com/dp/85198267,Indexed pages,Spam URL - Need to set this to 410 and request for removal via GSC
https://www.parcelmanagement.com/dp/852576377,Blocked by robots.txt,Spam URL - Need to set this to 410 and request for removal via GSC
https://www.parcelmanagement.com/dp/852775239,Server error (5xx),Spam URL - Need to set this to 410 and request for removal via GSC
https://www.parcelmanagement.com/dp/852928301,Server error (5xx),Spam URL - Need to set this to 410 and request for removal via GSC
https://www.parcelmanagement.com/dp/853042015,Server error (5xx),Spam URL - Need to set this to 410 and request for removal via GSC
https://www.parcelmanagement.com/dp/853088739,Indexed pages,Spam URL - Need to set this to 410 and request for removal via GSC
https://www.parcelmanagement.com/dp/8532605,Indexed pages,Spam URL - Need to set this to 410 and request for removal via GSC
https://www.parcelmanagement.com/dp/853552005,Not found (404),Spam URL - Need to set this to 410 and request for removal via GSC
https://www.parcelmanagement.com/dp/853858195,Indexed pages,Spam URL - Need to set this to 410 and request for removal via GSC
https://www.parcelmanagement.com/dp/854124849,Indexed pages,Spam URL - Need to set this to 410 and request for removal via GSC
https://www.parcelmanagement.com/dp/854378893,Server error (5xx),Spam URL - Need to set this to 410 and request for removal via GSC
https://www.parcelmanagement.com/dp/855204504,Indexed pages,Spam URL - Need to set this to 410 and request for removal via GSC
https://www.parcelmanagement.com/dp/855640730,Server error (5xx),Spam URL - Need to set this to 410 and request for removal via GSC
https://www.parcelmanagement.com/dp/856432839,Indexed pages,Spam URL - Need to set this to 410 and request for removal via GSC
https://www.parcelmanagement.com/dp/856518017,Indexed pages,Spam URL - Need to set this to 410 and request for removal via GSC
https://www.parcelmanagement.com/dp/856913491,Server error (5xx),Spam URL - Need to set this to 410 and request for removal via GSC
https://www.parcelmanagement.com/dp/857854955,Not found (404),Spam URL - Need to set this to 410 and request for removal via GSC
https://www.parcelmanagement.com/dp/858559397,Not found (404),Spam URL - Need to set this to 410 and request for removal via GSC
https://www.parcelmanagement.com/dp/861250284,Not found (404),Spam URL - Need to set this to 410 and request for removal via GSC
https://www.parcelmanagement.com/dp/86199370,Indexed pages,Spam URL - Need to set this to 410 and request for removal via GSC
https://www.parcelmanagement.com/dp/862040753,Indexed pages,Spam URL - Need to set this to 410 and request for removal via GSC
https://www.parcelmanagement.com/dp/862117210,Server error (5xx),Spam URL - Need to set this to 410 and request for removal via GSC
https://www.parcelmanagement.com/dp/862137929,Server error (5xx),Spam URL - Need to set this to 410 and request for removal via GSC
https://www.parcelmanagement.com/dp/862171191,Not found (404),Spam URL - Need to set this to 410 and request for removal via GSC
https://www.parcelmanagement.com/dp/863006742,Not found (404),Spam URL - Need to set this to 410 and request for removal via GSC
https://www.parcelmanagement.com/dp/863218800,Indexed pages,Spam URL - Need to set this to 410 and request for removal via GSC
https://www.parcelmanagement.com/dp/863576130,Not found (404),Spam URL - Need to set this to 410 and request for removal via GSC
https://www.parcelmanagement.com/dp/863586086,Server error (5xx),Spam URL - Need to set this to 410 and request for removal via GSC
https://www.parcelmanagement.com/dp/863710666,Server error (5xx),Spam URL - Need to set this to 410 and request for removal via GSC
https://www.parcelmanagement.com/dp/863779719,Not found (404),Spam URL - Need to set this to 410 and request for removal via GSC
https://www.parcelmanagement.com/dp/863855559,Indexed pages,Spam URL - Need to set this to 410 and request for removal via GSC
https://www.parcelmanagement.com/dp/864693066,Not found (404),Spam URL - Need to set this to 410 and request for removal via GSC
https://www.parcelmanagement.com/dp/865107380,Indexed pages,Spam URL - Need to set this to 410 and request for removal via GSC
https://www.parcelmanagement.com/dp/8653169,Indexed pages,Spam URL - Need to set this to 410 and request for removal via GSC
https://www.parcelmanagement.com/dp/86560264,Not found (404),Spam URL - Need to set this to 410 and request for removal via GSC
https://www.parcelmanagement.com/dp/865837715,Not found (404),Spam URL - Need to set this to 410 and request for removal via GSC
https://www.parcelmanagement.com/dp/866159585,Not found (404),Spam URL - Need to set this to 410 and request for removal via GSC
https://www.parcelmanagement.com/dp/866432777,Server error (5xx),Spam URL - Need to set this to 410 and request for removal via GSC
https://www.parcelmanagement.com/dp/866747998,Server error (5xx),Spam URL - Need to set this to 410 and request for removal via GSC
https://www.parcelmanagement.com/dp/866933790,"Duplicate, Google chose different canonical than user",Spam URL - Need to set this to 410 and request for removal via GSC
https://www.parcelmanagement.com/dp/868487305,Server error (5xx),Spam URL - Need to set this to 410 and request for removal via GSC
https://www.parcelmanagement.com/dp/871020987,Server error (5xx),Spam URL - Need to set this to 410 and request for removal via GSC
https://www.parcelmanagement.com/dp/871270731,Not found (404),Spam URL - Need to set this to 410 and request for removal via GSC
https://www.parcelmanagement.com/dp/871558553,Not found (404),Spam URL - Need to set this to 410 and request for removal via GSC
https://www.parcelmanagement.com/dp/871634763,Indexed pages,Spam URL - Need to set this to 410 and request for removal via GSC
https://www.parcelmanagement.com/dp/871717840,Indexed pages,Spam URL - Need to set this to 410 and request for removal via GSC
https://www.parcelmanagement.com/dp/872406205,Not found (404),Spam URL - Need to set this to 410 and request for removal via GSC
https://www.parcelmanagement.com/dp/872979526,Not found (404),Spam URL - Need to set this to 410 and request for removal via GSC
https://www.parcelmanagement.com/dp/874167684,Indexed pages,Spam URL - Need to set this to 410 and request for removal via GSC
https://www.parcelmanagement.com/dp/874502689,Server error (5xx),Spam URL - Need to set this to 410 and request for removal via GSC
https://www.parcelmanagement.com/dp/874976079,Not found (404),Spam URL - Need to set this to 410 and request for removal via GSC
https://www.parcelmanagement.com/dp/875004420,Not found (404),Spam URL - Need to set this to 410 and request for removal via GSC
https://www.parcelmanagement.com/dp/875566109,Server error (5xx),Spam URL - Need to set this to 410 and request for removal via GSC
https://www.parcelmanagement.com/dp/876085543,Not found (404),Spam URL - Need to set this to 410 and request for removal via GSC
https://www.parcelmanagement.com/dp/877360576,Indexed pages,Spam URL - Need to set this to 410 and request for removal via GSC
https://www.parcelmanagement.com/dp/877366910,Indexed pages,Spam URL - Need to set this to 410 and request for removal via GSC
https://www.parcelmanagement.com/dp/878178903,Not found (404),Spam URL - Need to set this to 410 and request for removal via GSC
https://www.parcelmanagement.com/dp/878336523,Not found (404),Spam URL - Need to set this to 410 and request for removal via GSC
https://www.parcelmanagement.com/dp/881065789,Indexed pages,Spam URL - Need to set this to 410 and request for removal via GSC
https://www.parcelmanagement.com/dp/882301352,Server error (5xx),Spam URL - Need to set this to 410 and request for removal via GSC
https://www.parcelmanagement.com/dp/882347169,Server error (5xx),Spam URL - Need to set this to 410 and request for removal via GSC
https://www.parcelmanagement.com/dp/882422501,Server error (5xx),Spam URL - Need to set this to 410 and request for removal via GSC
https://www.parcelmanagement.com/dp/882852356,Not found (404),Spam URL - Need to set this to 410 and request for removal via GSC
https://www.parcelmanagement.com/dp/883871104,Not found (404),Spam URL - Need to set this to 410 and request for removal via GSC
https://www.parcelmanagement.com/dp/884383898,Not found (404),Spam URL - Need to set this to 410 and request for removal via GSC
https://www.parcelmanagement.com/dp/884621748,Server error (5xx),Spam URL - Need to set this to 410 and request for removal via GSC
https://www.parcelmanagement.com/dp/884843750,Server error (5xx),Spam URL - Need to set this to 410 and request for removal via GSC
https://www.parcelmanagement.com/dp/886108922,Not found (404),Spam URL - Need to set this to 410 and request for removal via GSC
https://www.parcelmanagement.com/dp/88647199,Blocked by robots.txt,Spam URL - Need to set this to 410 and request for removal via GSC
https://www.parcelmanagement.com/dp/886640523,Not found (404),Spam URL - Need to set this to 410 and request for removal via GSC
https://www.parcelmanagement.com/dp/887302246,Indexed pages,Spam URL - Need to set this to 410 and request for removal via GSC
https://www.parcelmanagement.com/dp/887329534,Server error (5xx),Spam URL - Need to set this to 410 and request for removal via GSC
https://www.parcelmanagement.com/dp/887397719,Indexed pages,Spam URL - Need to set this to 410 and request for removal via GSC
https://www.parcelmanagement.com/dp/887720789,Not found (404),Spam URL - Need to set this to 410 and request for removal via GSC
https://www.parcelmanagement.com/dp/888162024,Indexed pages,Spam URL - Need to set this to 410 and request for removal via GSC
https://www.parcelmanagement.com/dp/888582796,Server error (5xx),Spam URL - Need to set this to 410 and request for removal via GSC
https://www.parcelmanagement.com/dp/891691994,Not found (404),Spam URL - Need to set this to 410 and request for removal via GSC
https://www.parcelmanagement.com/dp/891705008,Server error (5xx),Spam URL - Need to set this to 410 and request for removal via GSC
https://www.parcelmanagement.com/dp/891724167,Indexed pages,Spam URL - Need to set this to 410 and request for removal via GSC
https://www.parcelmanagement.com/dp/891878854,Not found (404),Spam URL - Need to set this to 410 and request for removal via GSC
https://www.parcelmanagement.com/dp/892587198,Indexed pages,Spam URL - Need to set this to 410 and request for removal via GSC
https://www.parcelmanagement.com/dp/892788309,Not found (404),Spam URL - Need to set this to 410 and request for removal via GSC
https://www.parcelmanagement.com/dp/893060069,Not found (404),Spam URL - Need to set this to 410 and request for removal via GSC
https://www.parcelmanagement.com/dp/893214832,Indexed pages,Spam URL - Need to set this to 410 and request for removal via GSC
https://www.parcelmanagement.com/dp/893294720,Indexed pages,Spam URL - Need to set this to 410 and request for removal via GSC
https://www.parcelmanagement.com/dp/893322847,Server error (5xx),Spam URL - Need to set this to 410 and request for removal via GSC
https://www.parcelmanagement.com/dp/8938242,Not found (404),Spam URL - Need to set this to 410 and request for removal via GSC
https://www.parcelmanagement.com/dp/894210809,Indexed pages,Spam URL - Need to set this to 410 and request for removal via GSC
https://www.parcelmanagement.com/dp/894640159,Not found (404),Spam URL - Need to set this to 410 and request for removal via GSC
https://www.parcelmanagement.com/dp/894802875,Indexed pages,Spam URL - Need to set this to 410 and request for removal via GSC
https://www.parcelmanagement.com/dp/895454336,Indexed pages,Spam URL - Need to set this to 410 and request for removal via GSC
https://www.parcelmanagement.com/dp/89575324,Server error (5xx),Spam URL - Need to set this to 410 and request for removal via GSC
https://www.parcelmanagement.com/dp/897272790,Not found (404),Spam URL - Need to set this to 410 and request for removal via GSC
https://www.parcelmanagement.com/dp/8a1674900,Indexed pages,Spam URL - Need to set this to 410 and request for removal via GSC
https://www.parcelmanagement.com/dp/8a1912780,Server error (5xx),Spam URL - Need to set this to 410 and request for removal via GSC
https://www.parcelmanagement.com/dp/8a3867774,Server error (5xx),Spam URL - Need to set this to 410 and request for removal via GSC
https://www.parcelmanagement.com/dp/8a4521122,Server error (5xx),Spam URL - Need to set this to 410 and request for removal via GSC
https://www.parcelmanagement.com/dp/8a5333372,Server error (5xx),Spam URL - Need to set this to 410 and request for removal via GSC
https://www.parcelmanagement.com/dp/8a6137159,Indexed pages,Spam URL - Need to set this to 410 and request for removal via GSC
https://www.parcelmanagement.com/dp/8a6646321,Indexed pages,Spam URL - Need to set this to 410 and request for removal via GSC
https://www.parcelmanagement.com/dp/8a7192872,Indexed pages,Spam URL - Need to set this to 410 and request for removal via GSC
https://www.parcelmanagement.com/dp/8a7351129,Indexed pages,Spam URL - Need to set this to 410 and request for removal via GSC
https://www.parcelmanagement.com/dp/8a7499026,Not found (404),Spam URL - Need to set this to 410 and request for removal via GSC
https://www.parcelmanagement.com/dp/8b2243016,Indexed pages,Spam URL - Need to set this to 410 and request for removal via GSC
https://www.parcelmanagement.com/dp/8b5278878,Indexed pages,Spam URL - Need to set this to 410 and request for removal via GSC
https://www.parcelmanagement.com/dp/8b7898785,Indexed pages,Spam URL - Need to set this to 410 and request for removal via GSC
https://www.parcelmanagement.com/dp/8c1977892,Not found (404),Spam URL - Need to set this to 410 and request for removal via GSC
https://www.parcelmanagement.com/dp/8c2794813,Not found (404),Spam URL - Need to set this to 410 and request for removal via GSC
https://www.parcelmanagement.com/dp/8c2962754,Indexed pages,Spam URL - Need to set this to 410 and request for removal via GSC
https://www.parcelmanagement.com/dp/8c4640297,Indexed pages,Spam URL - Need to set this to 410 and request for removal via GSC
https://www.parcelmanagement.com/dp/8c4881414,Not found (404),Spam URL - Need to set this to 410 and request for removal via GSC
https://www.parcelmanagement.com/dp/8c5595005,Not found (404),Spam URL - Need to set this to 410 and request for removal via GSC
https://www.parcelmanagement.com/dp/8c5855967,Indexed pages,Spam URL - Need to set this to 410 and request for removal via GSC
https://www.parcelmanagement.com/dp/8c6211241,Not found (404),Spam URL - Need to set this to 410 and request for removal via GSC
https://www.parcelmanagement.com/dp/8c7591683,Not found (404),Spam URL - Need to set this to 410 and request for removal via GSC
https://www.parcelmanagement.com/dp/8c7847468,Server error (5xx),Spam URL - Need to set this to 410 and request for removal via GSC
https://www.parcelmanagement.com/dp/8c856414,Indexed pages,Spam URL - Need to set this to 410 and request for removal via GSC
https://www.parcelmanagement.com/dp/8c8604550,Indexed pages,Spam URL - Need to set this to 410 and request for removal via GSC
https://www.parcelmanagement.com/dp/8d2747049,Not found (404),Spam URL - Need to set this to 410 and request for removal via GSC
https://www.parcelmanagement.com/dp/8d5479367,Server error (5xx),Spam URL - Need to set this to 410 and request for removal via GSC
https://www.parcelmanagement.com/dp/8d7753744,Not found (404),Spam URL - Need to set this to 410 and request for removal via GSC
https://www.parcelmanagement.com/dp/8d7787367,Server error (5xx),Spam URL - Need to set this to 410 and request for removal via GSC
https://www.parcelmanagement.com/dp/8d7960291,Indexed pages,Spam URL - Need to set this to 410 and request for removal via GSC
https://www.parcelmanagement.com/dp/8d8479106,Blocked by robots.txt,Spam URL - Need to set this to 410 and request for removal via GSC
https://www.parcelmanagement.com/dp/8e1085629,Indexed pages,Spam URL - Need to set this to 410 and request for removal via GSC
https://www.parcelmanagement.com/dp/8e1968182,Server error (5xx),Spam URL - Need to set this to 410 and request for removal via GSC
https://www.parcelmanagement.com/dp/8e2554931,Indexed pages,Spam URL - Need to set this to 410 and request for removal via GSC
https://www.parcelmanagement.com/dp/8e4199551,Not found (404),Spam URL - Need to set this to 410 and request for removal via GSC
https://www.parcelmanagement.com/dp/8e4340141,Not found (404),Spam URL - Need to set this to 410 and request for removal via GSC
https://www.parcelmanagement.com/dp/8e4937611,Server error (5xx),Spam URL - Need to set this to 410 and request for removal via GSC
https://www.parcelmanagement.com/dp/8e7417827,Server error (5xx),Spam URL - Need to set this to 410 and request for removal via GSC
https://www.parcelmanagement.com/dp/8f1424332,Indexed pages,Spam URL - Need to set this to 410 and request for removal via GSC
https://www.parcelmanagement.com/dp/8f1612387,Indexed pages,Spam URL - Need to set this to 410 and request for removal via GSC
https://www.parcelmanagement.com/dp/8f5108595,Indexed pages,Spam URL - Need to set this to 410 and request for removal via GSC
https://www.parcelmanagement.com/dp/8f5218966,Server error (5xx),Spam URL - Need to set this to 410 and request for removal via GSC
https://www.parcelmanagement.com/dp/8f6157912,Not found (404),Spam URL - Need to set this to 410 and request for removal via GSC
https://www.parcelmanagement.com/dp/8f6558114,Not found (404),Spam URL - Need to set this to 410 and request for removal via GSC
https://www.parcelmanagement.com/dp/901022390,Server error (5xx),Spam URL - Need to set this to 410 and request for removal via GSC
https://www.parcelmanagement.com/dp/901109793,Indexed pages,Spam URL - Need to set this to 410 and request for removal via GSC
https://www.parcelmanagement.com/dp/901522916,Server error (5xx),Spam URL - Need to set this to 410 and request for removal via GSC
https://www.parcelmanagement.com/dp/901629683,Indexed pages,Spam URL - Need to set this to 410 and request for removal via GSC
https://www.parcelmanagement.com/dp/901723987,Indexed pages,Spam URL - Need to set this to 410 and request for removal via GSC
https://www.parcelmanagement.com/dp/901850031,Not found (404),Spam URL - Need to set this to 410 and request for removal via GSC
https://www.parcelmanagement.com/dp/902087050,Not found (404),Spam URL - Need to set this to 410 and request for removal via GSC
https://www.parcelmanagement.com/dp/902853650,Server error (5xx),Spam URL - Need to set this to 410 and request for removal via GSC
https://www.parcelmanagement.com/dp/903004268,Not found (404),Spam URL - Need to set this to 410 and request for removal via GSC
https://www.parcelmanagement.com/dp/903053000,Indexed pages,Spam URL - Need to set this to 410 and request for removal via GSC
https://www.parcelmanagement.com/dp/903354712,Not found (404),Spam URL - Need to set this to 410 and request for removal via GSC
https://www.parcelmanagement.com/dp/903388914,Not found (404),Spam URL - Need to set this to 410 and request for removal via GSC
https://www.parcelmanagement.com/dp/90426519,Indexed pages,Spam URL - Need to set this to 410 and request for removal via GSC
https://www.parcelmanagement.com/dp/905149119,Server error (5xx),Spam URL - Need to set this to 410 and request for removal via GSC
https://www.parcelmanagement.com/dp/905240954,Server error (5xx),Spam URL - Need to set this to 410 and request for removal via GSC
https://www.parcelmanagement.com/dp/905603693,Indexed pages,Spam URL - Need to set this to 410 and request for removal via GSC
https://www.parcelmanagement.com/dp/906221032,Indexed pages,Spam URL - Need to set this to 410 and request for removal via GSC
https://www.parcelmanagement.com/dp/906378087,Indexed pages,Spam URL - Need to set this to 410 and request for removal via GSC
https://www.parcelmanagement.com/dp/906852249,Server error (5xx),Spam URL - Need to set this to 410 and request for removal via GSC
https://www.parcelmanagement.com/dp/906987355,Indexed pages,Spam URL - Need to set this to 410 and request for removal via GSC
https://www.parcelmanagement.com/dp/90725585,Indexed pages,Spam URL - Need to set this to 410 and request for removal via GSC
https://www.parcelmanagement.com/dp/907739517,Not found (404),Spam URL - Need to set this to 410 and request for removal via GSC
https://www.parcelmanagement.com/dp/908029798,Blocked by robots.txt,Spam URL - Need to set this to 410 and request for removal via GSC
https://www.parcelmanagement.com/dp/908119592,Indexed pages,Spam URL - Need to set this to 410 and request for removal via GSC
https://www.parcelmanagement.com/dp/911269478,Not found (404),Spam URL - Need to set this to 410 and request for removal via GSC
https://www.parcelmanagement.com/dp/912620207,Not found (404),Spam URL - Need to set this to 410 and request for removal via GSC
https://www.parcelmanagement.com/dp/91361784,Not found (404),Spam URL - Need to set this to 410 and request for removal via GSC
https://www.parcelmanagement.com/dp/91384743,Not found (404),Spam URL - Need to set this to 410 and request for removal via GSC
https://www.parcelmanagement.com/dp/914058140,Not found (404),Spam URL - Need to set this to 410 and request for removal via GSC
https://www.parcelmanagement.com/dp/914382523,Indexed pages,Spam URL - Need to set this to 410 and request for removal via GSC
https://www.parcelmanagement.com/dp/9155308,Indexed pages,Spam URL - Need to set this to 410 and request for removal via GSC
https://www.parcelmanagement.com/dp/91578563,Not found (404),Spam URL - Need to set this to 410 and request for removal via GSC
https://www.parcelmanagement.com/dp/916586472,Server error (5xx),Spam URL - Need to set this to 410 and request for removal via GSC
https://www.parcelmanagement.com/dp/916596814,Indexed pages,Spam URL - Need to set this to 410 and request for removal via GSC
https://www.parcelmanagement.com/dp/917104790,Not found (404),Spam URL - Need to set this to 410 and request for removal via GSC
https://www.parcelmanagement.com/dp/917524233,Not found (404),Spam URL - Need to set this to 410 and request for removal via GSC
https://www.parcelmanagement.com/dp/917737414,Not found (404),Spam URL - Need to set this to 410 and request for removal via GSC
https://www.parcelmanagement.com/dp/92158168,Indexed pages,Spam URL - Need to set this to 410 and request for removal via GSC
https://www.parcelmanagement.com/dp/921956550,Not found (404),Spam URL - Need to set this to 410 and request for removal via GSC
https://www.parcelmanagement.com/dp/922560155,Server error (5xx),Spam URL - Need to set this to 410 and request for removal via GSC
https://www.parcelmanagement.com/dp/92341466,Server error (5xx),Spam URL - Need to set this to 410 and request for removal via GSC
https://www.parcelmanagement.com/dp/924407131,Indexed pages,Spam URL - Need to set this to 410 and request for removal via GSC
https://www.parcelmanagement.com/dp/925708611,Indexed pages,Spam URL - Need to set this to 410 and request for removal via GSC
https://www.parcelmanagement.com/dp/926038555,Indexed pages,Spam URL - Need to set this to 410 and request for removal via GSC
https://www.parcelmanagement.com/dp/927361498,Not found (404),Spam URL - Need to set this to 410 and request for removal via GSC
https://www.parcelmanagement.com/dp/927538274,Not found (404),Spam URL - Need to set this to 410 and request for removal via GSC
https://www.parcelmanagement.com/dp/927931578,Blocked by robots.txt,Spam URL - Need to set this to 410 and request for removal via GSC
https://www.parcelmanagement.com/dp/928263201,Indexed pages,Spam URL - Need to set this to 410 and request for removal via GSC
https://www.parcelmanagement.com/dp/928573517,Indexed pages,Spam URL - Need to set this to 410 and request for removal via GSC
https://www.parcelmanagement.com/dp/932199523,Indexed pages,Spam URL - Need to set this to 410 and request for removal via GSC
https://www.parcelmanagement.com/dp/932716094,Not found (404),Spam URL - Need to set this to 410 and request for removal via GSC
https://www.parcelmanagement.com/dp/933408092,Indexed pages,Spam URL - Need to set this to 410 and request for removal via GSC
https://www.parcelmanagement.com/dp/93397648,Indexed pages,Spam URL - Need to set this to 410 and request for removal via GSC
https://www.parcelmanagement.com/dp/935590354,Not found (404),Spam URL - Need to set this to 410 and request for removal via GSC
https://www.parcelmanagement.com/dp/935637240,Indexed pages,Spam URL - Need to set this to 410 and request for removal via GSC
https://www.parcelmanagement.com/dp/93607138,Server error (5xx),Spam URL - Need to set this to 410 and request for removal via GSC
https://www.parcelmanagement.com/dp/93637816,Indexed pages,Spam URL - Need to set this to 410 and request for removal via GSC
https://www.parcelmanagement.com/dp/937538341,Not found (404),Spam URL - Need to set this to 410 and request for removal via GSC
https://www.parcelmanagement.com/dp/937751184,Not found (404),Spam URL - Need to set this to 410 and request for removal via GSC
https://www.parcelmanagement.com/dp/941243147,Server error (5xx),Spam URL - Need to set this to 410 and request for removal via GSC
https://www.parcelmanagement.com/dp/943121431,Indexed pages,Spam URL - Need to set this to 410 and request for removal via GSC
https://www.parcelmanagement.com/dp/943356402,Indexed pages,Spam URL - Need to set this to 410 and request for removal via GSC
https://www.parcelmanagement.com/dp/943744762,Indexed pages,Spam URL - Need to set this to 410 and request for removal via GSC
https://www.parcelmanagement.com/dp/944624279,Not found (404),Spam URL - Need to set this to 410 and request for removal via GSC
https://www.parcelmanagement.com/dp/945129207,Not found (404),Spam URL - Need to set this to 410 and request for removal via GSC
https://www.parcelmanagement.com/dp/945897672,Indexed pages,Spam URL - Need to set this to 410 and request for removal via GSC
https://www.parcelmanagement.com/dp/947262473,Not found (404),Spam URL - Need to set this to 410 and request for removal via GSC
https://www.parcelmanagement.com/dp/947344116,Server error (5xx),Spam URL - Need to set this to 410 and request for removal via GSC
https://www.parcelmanagement.com/dp/947466788,Server error (5xx),Spam URL - Need to set this to 410 and request for removal via GSC
https://www.parcelmanagement.com/dp/948479497,Server error (5xx),Spam URL - Need to set this to 410 and request for removal via GSC
https://www.parcelmanagement.com/dp/951000816,Not found (404),Spam URL - Need to set this to 410 and request for removal via GSC
https://www.parcelmanagement.com/dp/951615313,Server error (5xx),Spam URL - Need to set this to 410 and request for removal via GSC
https://www.parcelmanagement.com/dp/952113211,Indexed pages,Spam URL - Need to set this to 410 and request for removal via GSC
https://www.parcelmanagement.com/dp/953892929,Server error (5xx),Spam URL - Need to set this to 410 and request for removal via GSC
https://www.parcelmanagement.com/dp/954328664,Not found (404),Spam URL - Need to set this to 410 and request for removal via GSC
https://www.parcelmanagement.com/dp/95446532,Indexed pages,Spam URL - Need to set this to 410 and request for removal via GSC
https://www.parcelmanagement.com/dp/955317829,Not found (404),Spam URL - Need to set this to 410 and request for removal via GSC
https://www.parcelmanagement.com/dp/95669197,Indexed pages,Spam URL - Need to set this to 410 and request for removal via GSC
https://www.parcelmanagement.com/dp/957082549,Indexed pages,Spam URL - Need to set this to 410 and request for removal via GSC
https://www.parcelmanagement.com/dp/95710218,Server error (5xx),Spam URL - Need to set this to 410 and request for removal via GSC
https://www.parcelmanagement.com/dp/957306681,Not found (404),Spam URL - Need to set this to 410 and request for removal via GSC
https://www.parcelmanagement.com/dp/957762868,Not found (404),Spam URL - Need to set this to 410 and request for removal via GSC
https://www.parcelmanagement.com/dp/957766730,Crawled - currently not indexed,Spam URL - Need to set this to 410 and request for removal via GSC
https://www.parcelmanagement.com/dp/957770412,Not found (404),Spam URL - Need to set this to 410 and request for removal via GSC
https://www.parcelmanagement.com/dp/957830717,Server error (5xx),Spam URL - Need to set this to 410 and request for removal via GSC
https://www.parcelmanagement.com/dp/958312343,Not found (404),Spam URL - Need to set this to 410 and request for removal via GSC
https://www.parcelmanagement.com/dp/958599885,Not found (404),Spam URL - Need to set this to 410 and request for removal via GSC
https://www.parcelmanagement.com/dp/961616460,Not found (404),Spam URL - Need to set this to 410 and request for removal via GSC
https://www.parcelmanagement.com/dp/961752748,Indexed pages,Spam URL - Need to set this to 410 and request for removal via GSC
https://www.parcelmanagement.com/dp/962469282,Not found (404),Spam URL - Need to set this to 410 and request for removal via GSC
https://www.parcelmanagement.com/dp/962535180,Not found (404),Spam URL - Need to set this to 410 and request for removal via GSC
https://www.parcelmanagement.com/dp/962611270,Indexed pages,Spam URL - Need to set this to 410 and request for removal via GSC
https://www.parcelmanagement.com/dp/963109674,Blocked by robots.txt,Spam URL - Need to set this to 410 and request for removal via GSC
https://www.parcelmanagement.com/dp/967113096,Not found (404),Spam URL - Need to set this to 410 and request for removal via GSC
https://www.parcelmanagement.com/dp/968551656,Indexed pages,Spam URL - Need to set this to 410 and request for removal via GSC
https://www.parcelmanagement.com/dp/971285571,Not found (404),Spam URL - Need to set this to 410 and request for removal via GSC
https://www.parcelmanagement.com/dp/971331803,Not found (404),Spam URL - Need to set this to 410 and request for removal via GSC
https://www.parcelmanagement.com/dp/971514014,Indexed pages,Spam URL - Need to set this to 410 and request for removal via GSC
https://www.parcelmanagement.com/dp/971627945,Not found (404),Spam URL - Need to set this to 410 and request for removal via GSC
https://www.parcelmanagement.com/dp/972692240,Indexed pages,Spam URL - Need to set this to 410 and request for removal via GSC
https://www.parcelmanagement.com/dp/975194459,Indexed pages,Spam URL - Need to set this to 410 and request for removal via GSC
https://www.parcelmanagement.com/dp/975273996,Server error (5xx),Spam URL - Need to set this to 410 and request for removal via GSC
https://www.parcelmanagement.com/dp/975553751,Not found (404),Spam URL - Need to set this to 410 and request for removal via GSC
https://www.parcelmanagement.com/dp/975590452,Server error (5xx),Spam URL - Need to set this to 410 and request for removal via GSC
https://www.parcelmanagement.com/dp/976112174,Server error (5xx),Spam URL - Need to set this to 410 and request for removal via GSC
https://www.parcelmanagement.com/dp/976830272,Server error (5xx),Spam URL - Need to set this to 410 and request for removal via GSC
https://www.parcelmanagement.com/dp/976846127,Server error (5xx),Spam URL - Need to set this to 410 and request for removal via GSC
https://www.parcelmanagement.com/dp/976974715,Not found (404),Spam URL - Need to set this to 410 and request for removal via GSC
https://www.parcelmanagement.com/dp/977666530,Server error (5xx),Spam URL - Need to set this to 410 and request for removal via GSC
https://www.parcelmanagement.com/dp/982178645,Server error (5xx),Spam URL - Need to set this to 410 and request for removal via GSC
https://www.parcelmanagement.com/dp/984443915,Server error (5xx),Spam URL - Need to set this to 410 and request for removal via GSC
https://www.parcelmanagement.com/dp/986261236,Not found (404),Spam URL - Need to set this to 410 and request for removal via GSC
https://www.parcelmanagement.com/dp/986400318,Indexed pages,Spam URL - Need to set this to 410 and request for removal via GSC
https://www.parcelmanagement.com/dp/986459159,Not found (404),Spam URL - Need to set this to 410 and request for removal via GSC
https://www.parcelmanagement.com/dp/987021709,Indexed pages,Spam URL - Need to set this to 410 and request for removal via GSC
https://www.parcelmanagement.com/dp/988058714,Server error (5xx),Spam URL - Need to set this to 410 and request for removal via GSC
https://www.parcelmanagement.com/dp/991366860,Indexed pages,Spam URL - Need to set this to 410 and request for removal via GSC
https://www.parcelmanagement.com/dp/992173787,Indexed pages,Spam URL - Need to set this to 410 and request for removal via GSC
https://www.parcelmanagement.com/dp/992480554,Not found (404),Spam URL - Need to set this to 410 and request for removal via GSC
https://www.parcelmanagement.com/dp/992730329,Indexed pages,Spam URL - Need to set this to 410 and request for removal via GSC
https://www.parcelmanagement.com/dp/992935225,Not found (404),Spam URL - Need to set this to 410 and request for removal via GSC
https://www.parcelmanagement.com/dp/992997089,Blocked by robots.txt,Spam URL - Need to set this to 410 and request for removal via GSC
https://www.parcelmanagement.com/dp/993116897,Blocked by robots.txt,Spam URL - Need to set this to 410 and request for removal via GSC
https://www.parcelmanagement.com/dp/994899628,Server error (5xx),Spam URL - Need to set this to 410 and request for removal via GSC
https://www.parcelmanagement.com/dp/995068021,Indexed pages,Spam URL - Need to set this to 410 and request for removal via GSC
https://www.parcelmanagement.com/dp/996058183,Indexed pages,Spam URL - Need to set this to 410 and request for removal via GSC
https://www.parcelmanagement.com/dp/996289553,Indexed pages,Spam URL - Need to set this to 410 and request for removal via GSC
https://www.parcelmanagement.com/dp/997483289,Server error (5xx),Spam URL - Need to set this to 410 and request for removal via GSC
https://www.parcelmanagement.com/dp/997549053,Server error (5xx),Spam URL - Need to set this to 410 and request for removal via GSC
https://www.parcelmanagement.com/dp/998357872,Indexed pages,Spam URL - Need to set this to 410 and request for removal via GSC
https://www.parcelmanagement.com/dp/9a2399709,Not found (404),Spam URL - Need to set this to 410 and request for removal via GSC
https://www.parcelmanagement.com/dp/9a4064205,Blocked by robots.txt,Spam URL - Need to set this to 410 and request for removal via GSC
https://www.parcelmanagement.com/dp/9a4347589,Server error (5xx),Spam URL - Need to set this to 410 and request for removal via GSC
https://www.parcelmanagement.com/dp/9a4429123,Server error (5xx),Spam URL - Need to set this to 410 and request for removal via GSC
https://www.parcelmanagement.com/dp/9a5212107,Indexed pages,Spam URL - Need to set this to 410 and request for removal via GSC
https://www.parcelmanagement.com/dp/9a5622045,Server error (5xx),Spam URL - Need to set this to 410 and request for removal via GSC
https://www.parcelmanagement.com/dp/9a5629591,Server error (5xx),Spam URL - Need to set this to 410 and request for removal via GSC
https://www.parcelmanagement.com/dp/9a6094803,Server error (5xx),Spam URL - Need to set this to 410 and request for removal via GSC
https://www.parcelmanagement.com/dp/9a7520811,Server error (5xx),Spam URL - Need to set this to 410 and request for removal via GSC
https://www.parcelmanagement.com/dp/9b103009,Not found (404),Spam URL - Need to set this to 410 and request for removal via GSC
https://www.parcelmanagement.com/dp/9b1531073,Not found (404),Spam URL - Need to set this to 410 and request for removal via GSC
https://www.parcelmanagement.com/dp/9b1960856,Server error (5xx),Spam URL - Need to set this to 410 and request for removal via GSC
https://www.parcelmanagement.com/dp/9b2071213,Indexed pages,Spam URL - Need to set this to 410 and request for removal via GSC
https://www.parcelmanagement.com/dp/9b2151771,Not found (404),Spam URL - Need to set this to 410 and request for removal via GSC
https://www.parcelmanagement.com/dp/9b3454389,Indexed pages,Spam URL - Need to set this to 410 and request for removal via GSC
https://www.parcelmanagement.com/dp/9b4782461,Indexed pages,Spam URL - Need to set this to 410 and request for removal via GSC
https://www.parcelmanagement.com/dp/9b5320724,Not found (404),Spam URL - Need to set this to 410 and request for removal via GSC
https://www.parcelmanagement.com/dp/9b8630834,Not found (404),Spam URL - Need to set this to 410 and request for removal via GSC
https://www.parcelmanagement.com/dp/9c1536820,Indexed pages,Spam URL - Need to set this to 410 and request for removal via GSC
https://www.parcelmanagement.com/dp/9c3015891,Indexed pages,Spam URL - Need to set this to 410 and request for removal via GSC
https://www.parcelmanagement.com/dp/9c3834071,Crawled - currently not indexed,Spam URL - Need to set this to 410 and request for removal via GSC
https://www.parcelmanagement.com/dp/9c4980635,Not found (404),Spam URL - Need to set this to 410 and request for removal via GSC
https://www.parcelmanagement.com/dp/9c6778846,Server error (5xx),Spam URL - Need to set this to 410 and request for removal via GSC
https://www.parcelmanagement.com/dp/9c7852078,Indexed pages,Spam URL - Need to set this to 410 and request for removal via GSC
https://www.parcelmanagement.com/dp/9c866630,Indexed pages,Spam URL - Need to set this to 410 and request for removal via GSC
https://www.parcelmanagement.com/dp/9d3835630,Server error (5xx),Spam URL - Need to set this to 410 and request for removal via GSC
https://www.parcelmanagement.com/dp/9d3846967,Indexed pages,Spam URL - Need to set this to 410 and request for removal via GSC
https://www.parcelmanagement.com/dp/9d4401399,Not found (404),Spam URL - Need to set this to 410 and request for removal via GSC
https://www.parcelmanagement.com/dp/9d5088001,Server error (5xx),Spam URL - Need to set this to 410 and request for removal via GSC
https://www.parcelmanagement.com/dp/9d5323702,Not found (404),Spam URL - Need to set this to 410 and request for removal via GSC
https://www.parcelmanagement.com/dp/9d5663022,Indexed pages,Spam URL - Need to set this to 410 and request for removal via GSC
https://www.parcelmanagement.com/dp/9d8323067,Server error (5xx),Spam URL - Need to set this to 410 and request for removal via GSC
https://www.parcelmanagement.com/dp/9d8453851,Not found (404),Spam URL - Need to set this to 410 and request for removal via GSC
https://www.parcelmanagement.com/dp/9e1071280,Not found (404),Spam URL - Need to set this to 410 and request for removal via GSC
https://www.parcelmanagement.com/dp/9e1367090,Indexed pages,Spam URL - Need to set this to 410 and request for removal via GSC
https://www.parcelmanagement.com/dp/9e2914354,Indexed pages,Spam URL - Need to set this to 410 and request for removal via GSC
https://www.parcelmanagement.com/dp/9e3563244,Not found (404),Spam URL - Need to set this to 410 and request for removal via GSC
https://www.parcelmanagement.com/dp/9e4431650,Not found (404),Spam URL - Need to set this to 410 and request for removal via GSC
https://www.parcelmanagement.com/dp/9e5413067,Not found (404),Spam URL - Need to set this to 410 and request for removal via GSC
https://www.parcelmanagement.com/dp/9e6353861,Indexed pages,Spam URL - Need to set this to 410 and request for removal via GSC
https://www.parcelmanagement.com/dp/9e6846805,Indexed pages,Spam URL - Need to set this to 410 and request for removal via GSC
https://www.parcelmanagement.com/dp/9e7976979,Not found (404),Spam URL - Need to set this to 410 and request for removal via GSC
https://www.parcelmanagement.com/dp/9e8247656,Not found (404),Spam URL - Need to set this to 410 and request for removal via GSC
https://www.parcelmanagement.com/dp/9f1202068,Not found (404),Spam URL - Need to set this to 410 and request for removal via GSC
https://www.parcelmanagement.com/dp/9f3365621,Not found (404),Spam URL - Need to set this to 410 and request for removal via GSC
https://www.parcelmanagement.com/dp/9f3487054,Not found (404),Spam URL - Need to set this to 410 and request for removal via GSC
https://www.parcelmanagement.com/dp/9f3551391,Server error (5xx),Spam URL - Need to set this to 410 and request for removal via GSC
https://www.parcelmanagement.com/dp/9f6730001,Not found (404),Spam URL - Need to set this to 410 and request for removal via GSC
https://www.parcelmanagement.com/dp/9f701842,Not found (404),Spam URL - Need to set this to 410 and request for removal via GSC
https://www.parcelmanagement.com/dp/9f783207,Indexed pages,Spam URL - Need to set this to 410 and request for removal via GSC
https://www.parcelmanagement.com/dp/9f841872,Server error (5xx),Spam URL - Need to set this to 410 and request for removal via GSC
https://www.parcelmanagement.com/dp/9f8454578,Indexed pages,Spam URL - Need to set this to 410 and request for removal via GSC
https://www.parcelmanagement.com/dp/a01151593,Server error (5xx),Spam URL - Need to set this to 410 and request for removal via GSC
https://www.parcelmanagement.com/dp/a02638720,Indexed pages,Spam URL - Need to set this to 410 and request for removal via GSC
https://www.parcelmanagement.com/dp/a03025215,Not found (404),Spam URL - Need to set this to 410 and request for removal via GSC
https://www.parcelmanagement.com/dp/a03786845,Server error (5xx),Spam URL - Need to set this to 410 and request for removal via GSC
https://www.parcelmanagement.com/dp/a04357952,Blocked by robots.txt,Spam URL - Need to set this to 410 and request for removal via GSC
https://www.parcelmanagement.com/dp/a05142198,Not found (404),Spam URL - Need to set this to 410 and request for removal via GSC
https://www.parcelmanagement.com/dp/a06749685,Not found (404),Spam URL - Need to set this to 410 and request for removal via GSC
https://www.parcelmanagement.com/dp/a11679755,Indexed pages,Spam URL - Need to set this to 410 and request for removal via GSC
https://www.parcelmanagement.com/dp/a11733974,Indexed pages,Spam URL - Need to set this to 410 and request for removal via GSC
https://www.parcelmanagement.com/dp/a12135747,Not found (404),Spam URL - Need to set this to 410 and request for removal via GSC
https://www.parcelmanagement.com/dp/a12620119,Indexed pages,Spam URL - Need to set this to 410 and request for removal via GSC
https://www.parcelmanagement.com/dp/a12697030,Blocked by robots.txt,Spam URL - Need to set this to 410 and request for removal via GSC
https://www.parcelmanagement.com/dp/a13094713,Not found (404),Spam URL - Need to set this to 410 and request for removal via GSC
https://www.parcelmanagement.com/dp/a13463644,Crawled - currently not indexed,Spam URL - Need to set this to 410 and request for removal via GSC
https://www.parcelmanagement.com/dp/a17675083,Server error (5xx),Spam URL - Need to set this to 410 and request for removal via GSC
https://www.parcelmanagement.com/dp/a17807321,Not found (404),Spam URL - Need to set this to 410 and request for removal via GSC
https://www.parcelmanagement.com/dp/a18289677,Blocked by robots.txt,Spam URL - Need to set this to 410 and request for removal via GSC
https://www.parcelmanagement.com/dp/a18296955,Not found (404),Spam URL - Need to set this to 410 and request for removal via GSC
https://www.parcelmanagement.com/dp/a18473076,Indexed pages,Spam URL - Need to set this to 410 and request for removal via GSC
https://www.parcelmanagement.com/dp/a21150333,Not found (404),Spam URL - Need to set this to 410 and request for removal via GSC
https://www.parcelmanagement.com/dp/a21689892,Server error (5xx),Spam URL - Need to set this to 410 and request for removal via GSC
https://www.parcelmanagement.com/dp/a21810766,Not found (404),Spam URL - Need to set this to 410 and request for removal via GSC
https://www.parcelmanagement.com/dp/a21818431,Server error (5xx),Spam URL - Need to set this to 410 and request for removal via GSC
https://www.parcelmanagement.com/dp/a21831396,Blocked by robots.txt,Spam URL - Need to set this to 410 and request for removal via GSC
https://www.parcelmanagement.com/dp/a23724306,Server error (5xx),Spam URL - Need to set this to 410 and request for removal via GSC
https://www.parcelmanagement.com/dp/a24008661,Not found (404),Spam URL - Need to set this to 410 and request for removal via GSC
https://www.parcelmanagement.com/dp/a25554799,Server error (5xx),Spam URL - Need to set this to 410 and request for removal via GSC
https://www.parcelmanagement.com/dp/a26659247,Not found (404),Spam URL - Need to set this to 410 and request for removal via GSC
https://www.parcelmanagement.com/dp/a26831071,Not found (404),Spam URL - Need to set this to 410 and request for removal via GSC
https://www.parcelmanagement.com/dp/a27294594,Indexed pages,Spam URL - Need to set this to 410 and request for removal via GSC
https://www.parcelmanagement.com/dp/a27491862,Not found (404),Spam URL - Need to set this to 410 and request for removal via GSC
https://www.parcelmanagement.com/dp/a31059176,Not found (404),Spam URL - Need to set this to 410 and request for removal via GSC
https://www.parcelmanagement.com/dp/a31307359,Blocked by robots.txt,Spam URL - Need to set this to 410 and request for removal via GSC
https://www.parcelmanagement.com/dp/a31591988,Not found (404),Spam URL - Need to set this to 410 and request for removal via GSC
https://www.parcelmanagement.com/dp/a33793971,Indexed pages,Spam URL - Need to set this to 410 and request for removal via GSC
https://www.parcelmanagement.com/dp/a34577033,Blocked by robots.txt,Spam URL - Need to set this to 410 and request for removal via GSC
https://www.parcelmanagement.com/dp/a34741074,Not found (404),Spam URL - Need to set this to 410 and request for removal via GSC
https://www.parcelmanagement.com/dp/a34835003,Not found (404),Spam URL - Need to set this to 410 and request for removal via GSC
https://www.parcelmanagement.com/dp/a35617755,Server error (5xx),Spam URL - Need to set this to 410 and request for removal via GSC
https://www.parcelmanagement.com/dp/a3645380,Blocked by robots.txt,Spam URL - Need to set this to 410 and request for removal via GSC
https://www.parcelmanagement.com/dp/a36977204,Not found (404),Spam URL - Need to set this to 410 and request for removal via GSC
https://www.parcelmanagement.com/dp/a38233488,Not found (404),Spam URL - Need to set this to 410 and request for removal via GSC
https://www.parcelmanagement.com/dp/a42457862,Indexed pages,Spam URL - Need to set this to 410 and request for removal via GSC
https://www.parcelmanagement.com/dp/a44064444,Indexed pages,Spam URL - Need to set this to 410 and request for removal via GSC
https://www.parcelmanagement.com/dp/a44143757,Not found (404),Spam URL - Need to set this to 410 and request for removal via GSC
https://www.parcelmanagement.com/dp/a44424669,Server error (5xx),Spam URL - Need to set this to 410 and request for removal via GSC
https://www.parcelmanagement.com/dp/a44473285,Not found (404),Spam URL - Need to set this to 410 and request for removal via GSC
https://www.parcelmanagement.com/dp/a44890918,Indexed pages,Spam URL - Need to set this to 410 and request for removal via GSC
https://www.parcelmanagement.com/dp/a45740657,Server error (5xx),Spam URL - Need to set this to 410 and request for removal via GSC
https://www.parcelmanagement.com/dp/a46005674,Indexed pages,Spam URL - Need to set this to 410 and request for removal via GSC
https://www.parcelmanagement.com/dp/a46339445,Indexed pages,Spam URL - Need to set this to 410 and request for removal via GSC
https://www.parcelmanagement.com/dp/a47631515,Not found (404),Spam URL - Need to set this to 410 and request for removal via GSC
https://www.parcelmanagement.com/dp/a47633765,Not found (404),Spam URL - Need to set this to 410 and request for removal via GSC
https://www.parcelmanagement.com/dp/a48081238,Indexed pages,Spam URL - Need to set this to 410 and request for removal via GSC
https://www.parcelmanagement.com/dp/a52712042,Indexed pages,Spam URL - Need to set this to 410 and request for removal via GSC
https://www.parcelmanagement.com/dp/a53945345,Blocked by robots.txt,Spam URL - Need to set this to 410 and request for removal via GSC
https://www.parcelmanagement.com/dp/a55531397,Blocked by robots.txt,Spam URL - Need to set this to 410 and request for removal via GSC
https://www.parcelmanagement.com/dp/a55939074,Indexed pages,Spam URL - Need to set this to 410 and request for removal via GSC
https://www.parcelmanagement.com/dp/a57307694,Not found (404),Spam URL - Need to set this to 410 and request for removal via GSC
https://www.parcelmanagement.com/dp/a57758257,Not found (404),Spam URL - Need to set this to 410 and request for removal via GSC
https://www.parcelmanagement.com/dp/a58343046,Server error (5xx),Spam URL - Need to set this to 410 and request for removal via GSC
https://www.parcelmanagement.com/dp/a61046333,Server error (5xx),Spam URL - Need to set this to 410 and request for removal via GSC
https://www.parcelmanagement.com/dp/a61153219,Indexed pages,Spam URL - Need to set this to 410 and request for removal via GSC
https://www.parcelmanagement.com/dp/a61985659,Not found (404),Spam URL - Need to set this to 410 and request for removal via GSC
https://www.parcelmanagement.com/dp/a63736498,Not found (404),Spam URL - Need to set this to 410 and request for removal via GSC
https://www.parcelmanagement.com/dp/a64798485,Indexed pages,Spam URL - Need to set this to 410 and request for removal via GSC
https://www.parcelmanagement.com/dp/a68547229,Blocked by robots.txt,Spam URL - Need to set this to 410 and request for removal via GSC
https://www.parcelmanagement.com/dp/a72407054,Blocked by robots.txt,Spam URL - Need to set this to 410 and request for removal via GSC
https://www.parcelmanagement.com/dp/a73999231,Blocked by robots.txt,Spam URL - Need to set this to 410 and request for removal via GSC
https://www.parcelmanagement.com/dp/a74196529,Blocked by robots.txt,Spam URL - Need to set this to 410 and request for removal via GSC
https://www.parcelmanagement.com/dp/a75667101,Server error (5xx),Spam URL - Need to set this to 410 and request for removal via GSC
https://www.parcelmanagement.com/dp/a75748905,Indexed pages,Spam URL - Need to set this to 410 and request for removal via GSC
https://www.parcelmanagement.com/dp/a7973216,Not found (404),Spam URL - Need to set this to 410 and request for removal via GSC
https://www.parcelmanagement.com/dp/a81402972,Server error (5xx),Spam URL - Need to set this to 410 and request for removal via GSC
https://www.parcelmanagement.com/dp/a81497699,Indexed pages,Spam URL - Need to set this to 410 and request for removal via GSC
https://www.parcelmanagement.com/dp/a82150749,Not found (404),Spam URL - Need to set this to 410 and request for removal via GSC
https://www.parcelmanagement.com/dp/a82275712,Server error (5xx),Spam URL - Need to set this to 410 and request for removal via GSC
https://www.parcelmanagement.com/dp/a82702521,Server error (5xx),Spam URL - Need to set this to 410 and request for removal via GSC
https://www.parcelmanagement.com/dp/a82818450,Blocked by robots.txt,Spam URL - Need to set this to 410 and request for removal via GSC
https://www.parcelmanagement.com/dp/a83031179,Not found (404),Spam URL - Need to set this to 410 and request for removal via GSC
https://www.parcelmanagement.com/dp/a83170633,Blocked by robots.txt,Spam URL - Need to set this to 410 and request for removal via GSC
https://www.parcelmanagement.com/dp/a83394410,Indexed pages,Spam URL - Need to set this to 410 and request for removal via GSC
https://www.parcelmanagement.com/dp/a83961943,Not found (404),Spam URL - Need to set this to 410 and request for removal via GSC
https://www.parcelmanagement.com/dp/a85158015,Not found (404),Spam URL - Need to set this to 410 and request for removal via GSC
https://www.parcelmanagement.com/dp/a85281540,Server error (5xx),Spam URL - Need to set this to 410 and request for removal via GSC
https://www.parcelmanagement.com/dp/a85541567,Indexed pages,Spam URL - Need to set this to 410 and request for removal via GSC
https://www.parcelmanagement.com/dp/a86164750,Indexed pages,Spam URL - Need to set this to 410 and request for removal via GSC
https://www.parcelmanagement.com/dp/a86169012,Not found (404),Spam URL - Need to set this to 410 and request for removal via GSC
https://www.parcelmanagement.com/dp/a87117582,Not found (404),Spam URL - Need to set this to 410 and request for removal via GSC
https://www.parcelmanagement.com/dp/a8781855,Not found (404),Spam URL - Need to set this to 410 and request for removal via GSC
https://www.parcelmanagement.com/dp/a94145519,Indexed pages,Spam URL - Need to set this to 410 and request for removal via GSC
https://www.parcelmanagement.com/dp/a94991589,Not found (404),Spam URL - Need to set this to 410 and request for removal via GSC
https://www.parcelmanagement.com/dp/a96434324,Not found (404),Spam URL - Need to set this to 410 and request for removal via GSC
https://www.parcelmanagement.com/dp/a97640716,Not found (404),Spam URL - Need to set this to 410 and request for removal via GSC
https://www.parcelmanagement.com/dp/a9773027,Not found (404),Spam URL - Need to set this to 410 and request for removal via GSC
https://www.parcelmanagement.com/dp/a97947724,Indexed pages,Spam URL - Need to set this to 410 and request for removal via GSC
https://www.parcelmanagement.com/dp/a9820768,Not found (404),Spam URL - Need to set this to 410 and request for removal via GSC
https://www.parcelmanagement.com/dp/a98318936,Server error (5xx),Spam URL - Need to set this to 410 and request for removal via GSC
https://www.parcelmanagement.com/dp/a98324097,Blocked by robots.txt,Spam URL - Need to set this to 410 and request for removal via GSC
https://www.parcelmanagement.com/dp/a98612117,Not found (404),Spam URL - Need to set this to 410 and request for removal via GSC
https://www.parcelmanagement.com/dp/aa1223918,Not found (404),Spam URL - Need to set this to 410 and request for removal via GSC
https://www.parcelmanagement.com/dp/aa3819658,Server error (5xx),Spam URL - Need to set this to 410 and request for removal via GSC
https://www.parcelmanagement.com/dp/aa3999999,Server error (5xx),Spam URL - Need to set this to 410 and request for removal via GSC
https://www.parcelmanagement.com/dp/aa7453660,Indexed pages,Spam URL - Need to set this to 410 and request for removal via GSC
https://www.parcelmanagement.com/dp/ab2559316,Indexed pages,Spam URL - Need to set this to 410 and request for removal via GSC
https://www.parcelmanagement.com/dp/ab3185263,Not found (404),Spam URL - Need to set this to 410 and request for removal via GSC
https://www.parcelmanagement.com/dp/ab348812,Server error (5xx),Spam URL - Need to set this to 410 and request for removal via GSC
https://www.parcelmanagement.com/dp/ab3615926,Indexed pages,Spam URL - Need to set this to 410 and request for removal via GSC
https://www.parcelmanagement.com/dp/ab372747,Not found (404),Spam URL - Need to set this to 410 and request for removal via GSC
https://www.parcelmanagement.com/dp/ab4427946,Not found (404),Spam URL - Need to set this to 410 and request for removal via GSC
https://www.parcelmanagement.com/dp/ab5081855,Not found (404),Spam URL - Need to set this to 410 and request for removal via GSC
https://www.parcelmanagement.com/dp/ab7310388,Server error (5xx),Spam URL - Need to set this to 410 and request for removal via GSC
https://www.parcelmanagement.com/dp/ab8255299,Server error (5xx),Spam URL - Need to set this to 410 and request for removal via GSC
https://www.parcelmanagement.com/dp/ac5409840,Server error (5xx),Spam URL - Need to set this to 410 and request for removal via GSC
https://www.parcelmanagement.com/dp/ad323143,Indexed pages,Spam URL - Need to set this to 410 and request for removal via GSC
https://www.parcelmanagement.com/dp/af4664149,Indexed pages,Spam URL - Need to set this to 410 and request for removal via GSC
https://www.parcelmanagement.com/dp/af8593108,Server error (5xx),Spam URL - Need to set this to 410 and request for removal via GSC
https://www.parcelmanagement.com/dp/b01538364,Server error (5xx),Spam URL - Need to set this to 410 and request for removal via GSC
https://www.parcelmanagement.com/dp/b02200360,Not found (404),Spam URL - Need to set this to 410 and request for removal via GSC
https://www.parcelmanagement.com/dp/b03733137,Indexed pages,Spam URL - Need to set this to 410 and request for removal via GSC
https://www.parcelmanagement.com/dp/b04226539,Blocked by robots.txt,Spam URL - Need to set this to 410 and request for removal via GSC
https://www.parcelmanagement.com/dp/b05065756,Not found (404),Spam URL - Need to set this to 410 and request for removal via GSC
https://www.parcelmanagement.com/dp/b06435938,Indexed pages,Spam URL - Need to set this to 410 and request for removal via GSC
https://www.parcelmanagement.com/dp/b07406677,Indexed pages,Spam URL - Need to set this to 410 and request for removal via GSC
https://www.parcelmanagement.com/dp/b11750304,Server error (5xx),Spam URL - Need to set this to 410 and request for removal via GSC
https://www.parcelmanagement.com/dp/b12865691,Indexed pages,Spam URL - Need to set this to 410 and request for removal via GSC
https://www.parcelmanagement.com/dp/b15095939,Blocked by robots.txt,Spam URL - Need to set this to 410 and request for removal via GSC
https://www.parcelmanagement.com/dp/b18403405,Blocked by robots.txt,Spam URL - Need to set this to 410 and request for removal via GSC
https://www.parcelmanagement.com/dp/b2226573,Not found (404),Spam URL - Need to set this to 410 and request for removal via GSC
https://www.parcelmanagement.com/dp/b22512790,Indexed pages,Spam URL - Need to set this to 410 and request for removal via GSC
https://www.parcelmanagement.com/dp/b2276263,Server error (5xx),Spam URL - Need to set this to 410 and request for removal via GSC
https://www.parcelmanagement.com/dp/b23184039,Not found (404),Spam URL - Need to set this to 410 and request for removal via GSC
https://www.parcelmanagement.com/dp/b23489097,Not found (404),Spam URL - Need to set this to 410 and request for removal via GSC
https://www.parcelmanagement.com/dp/b24757835,Not found (404),Spam URL - Need to set this to 410 and request for removal via GSC
https://www.parcelmanagement.com/dp/b24962473,Indexed pages,Spam URL - Need to set this to 410 and request for removal via GSC
https://www.parcelmanagement.com/dp/b27310605,Server error (5xx),Spam URL - Need to set this to 410 and request for removal via GSC
https://www.parcelmanagement.com/dp/b27435870,Blocked by robots.txt,Spam URL - Need to set this to 410 and request for removal via GSC
https://www.parcelmanagement.com/dp/b27437063,Indexed pages,Spam URL - Need to set this to 410 and request for removal via GSC
https://www.parcelmanagement.com/dp/b31209803,Not found (404),Spam URL - Need to set this to 410 and request for removal via GSC
https://www.parcelmanagement.com/dp/b31253257,Indexed pages,Spam URL - Need to set this to 410 and request for removal via GSC
https://www.parcelmanagement.com/dp/b31442759,Not found (404),Spam URL - Need to set this to 410 and request for removal via GSC
https://www.parcelmanagement.com/dp/b32381297,Not found (404),Spam URL - Need to set this to 410 and request for removal via GSC
https://www.parcelmanagement.com/dp/b33056749,Indexed pages,Spam URL - Need to set this to 410 and request for removal via GSC
https://www.parcelmanagement.com/dp/b33765817,Blocked by robots.txt,Spam URL - Need to set this to 410 and request for removal via GSC
https://www.parcelmanagement.com/dp/b33907611,Not found (404),Spam URL - Need to set this to 410 and request for removal via GSC
https://www.parcelmanagement.com/dp/b34127252,Blocked by robots.txt,Spam URL - Need to set this to 410 and request for removal via GSC
https://www.parcelmanagement.com/dp/b35711417,Blocked by robots.txt,Spam URL - Need to set this to 410 and request for removal via GSC
https://www.parcelmanagement.com/dp/b36577500,Not found (404),Spam URL - Need to set this to 410 and request for removal via GSC
https://www.parcelmanagement.com/dp/b37051500,Blocked by robots.txt,Spam URL - Need to set this to 410 and request for removal via GSC
https://www.parcelmanagement.com/dp/b37666832,Not found (404),Spam URL - Need to set this to 410 and request for removal via GSC
https://www.parcelmanagement.com/dp/b4200198,Not found (404),Spam URL - Need to set this to 410 and request for removal via GSC
https://www.parcelmanagement.com/dp/b42649485,Indexed pages,Spam URL - Need to set this to 410 and request for removal via GSC
https://www.parcelmanagement.com/dp/b4320826,Not found (404),Spam URL - Need to set this to 410 and request for removal via GSC
https://www.parcelmanagement.com/dp/b43603108,Not found (404),Spam URL - Need to set this to 410 and request for removal via GSC
https://www.parcelmanagement.com/dp/b45559446,Server error (5xx),Spam URL - Need to set this to 410 and request for removal via GSC
https://www.parcelmanagement.com/dp/b46647141,Server error (5xx),Spam URL - Need to set this to 410 and request for removal via GSC
https://www.parcelmanagement.com/dp/b46718944,Not found (404),Spam URL - Need to set this to 410 and request for removal via GSC
https://www.parcelmanagement.com/dp/b51609810,Indexed pages,Spam URL - Need to set this to 410 and request for removal via GSC
https://www.parcelmanagement.com/dp/b5184365,Indexed pages,Spam URL - Need to set this to 410 and request for removal via GSC
https://www.parcelmanagement.com/dp/b51976069,Server error (5xx),Spam URL - Need to set this to 410 and request for removal via GSC
https://www.parcelmanagement.com/dp/b52360084,Server error (5xx),Spam URL - Need to set this to 410 and request for removal via GSC
https://www.parcelmanagement.com/dp/b52437205,Not found (404),Spam URL - Need to set this to 410 and request for removal via GSC
https://www.parcelmanagement.com/dp/b52659573,Indexed pages,Spam URL - Need to set this to 410 and request for removal via GSC
https://www.parcelmanagement.com/dp/b52914657,Not found (404),Spam URL - Need to set this to 410 and request for removal via GSC
https://www.parcelmanagement.com/dp/b53087141,Server error (5xx),Spam URL - Need to set this to 410 and request for removal via GSC
https://www.parcelmanagement.com/dp/b54483504,Not found (404),Spam URL - Need to set this to 410 and request for removal via GSC
https://www.parcelmanagement.com/dp/b57050421,Not found (404),Spam URL - Need to set this to 410 and request for removal via GSC
https://www.parcelmanagement.com/dp/b58250370,Not found (404),Spam URL - Need to set this to 410 and request for removal via GSC
https://www.parcelmanagement.com/dp/b61477426,Not found (404),Spam URL - Need to set this to 410 and request for removal via GSC
https://www.parcelmanagement.com/dp/b63966071,Not found (404),Spam URL - Need to set this to 410 and request for removal via GSC
https://www.parcelmanagement.com/dp/b64372517,Indexed pages,Spam URL - Need to set this to 410 and request for removal via GSC
https://www.parcelmanagement.com/dp/b6640996,Not found (404),Spam URL - Need to set this to 410 and request for removal via GSC
https://www.parcelmanagement.com/dp/b67397207,Not found (404),Spam URL - Need to set this to 410 and request for removal via GSC
https://www.parcelmanagement.com/dp/b7238745,Blocked by robots.txt,Spam URL - Need to set this to 410 and request for removal via GSC
https://www.parcelmanagement.com/dp/b72714491,Server error (5xx),Spam URL - Need to set this to 410 and request for removal via GSC
https://www.parcelmanagement.com/dp/b73822638,Server error (5xx),Spam URL - Need to set this to 410 and request for removal via GSC
https://www.parcelmanagement.com/dp/b74445777,Indexed pages,Spam URL - Need to set this to 410 and request for removal via GSC
https://www.parcelmanagement.com/dp/b76822498,Not found (404),Spam URL - Need to set this to 410 and request for removal via GSC
https://www.parcelmanagement.com/dp/b76958255,Not found (404),Spam URL - Need to set this to 410 and request for removal via GSC
https://www.parcelmanagement.com/dp/b76959598,Not found (404),Spam URL - Need to set this to 410 and request for removal via GSC
https://www.parcelmanagement.com/dp/b77177091,Server error (5xx),Spam URL - Need to set this to 410 and request for removal via GSC
https://www.parcelmanagement.com/dp/b77754819,Indexed pages,Spam URL - Need to set this to 410 and request for removal via GSC
https://www.parcelmanagement.com/dp/b77795819,Indexed pages,Spam URL - Need to set this to 410 and request for removal via GSC
https://www.parcelmanagement.com/dp/b77861953,Indexed pages,Spam URL - Need to set this to 410 and request for removal via GSC
https://www.parcelmanagement.com/dp/b792004,Not found (404),Spam URL - Need to set this to 410 and request for removal via GSC
https://www.parcelmanagement.com/dp/b84004701,Indexed pages,Spam URL - Need to set this to 410 and request for removal via GSC
https://www.parcelmanagement.com/dp/b84601904,Indexed pages,Spam URL - Need to set this to 410 and request for removal via GSC
https://www.parcelmanagement.com/dp/b85961346,Indexed pages,Spam URL - Need to set this to 410 and request for removal via GSC
https://www.parcelmanagement.com/dp/b87163779,Not found (404),Spam URL - Need to set this to 410 and request for removal via GSC
https://www.parcelmanagement.com/dp/b91995884,Not found (404),Spam URL - Need to set this to 410 and request for removal via GSC
https://www.parcelmanagement.com/dp/b9291479,Server error (5xx),Spam URL - Need to set this to 410 and request for removal via GSC
https://www.parcelmanagement.com/dp/b95106360,Not found (404),Spam URL - Need to set this to 410 and request for removal via GSC
https://www.parcelmanagement.com/dp/b96087105,Indexed pages,Spam URL - Need to set this to 410 and request for removal via GSC
https://www.parcelmanagement.com/dp/b96871490,Not found (404),Spam URL - Need to set this to 410 and request for removal via GSC
https://www.parcelmanagement.com/dp/b97530161,Indexed pages,Spam URL - Need to set this to 410 and request for removal via GSC
https://www.parcelmanagement.com/dp/b97719278,Server error (5xx),Spam URL - Need to set this to 410 and request for removal via GSC
https://www.parcelmanagement.com/dp/b9825532,Indexed pages,Spam URL - Need to set this to 410 and request for removal via GSC
https://www.parcelmanagement.com/dp/ba4486378,Not found (404),Spam URL - Need to set this to 410 and request for removal via GSC
https://www.parcelmanagement.com/dp/ba6923161,Server error (5xx),Spam URL - Need to set this to 410 and request for removal via GSC
https://www.parcelmanagement.com/dp/ba7863983,Indexed pages,Spam URL - Need to set this to 410 and request for removal via GSC
https://www.parcelmanagement.com/dp/ba8516582,Indexed pages,Spam URL - Need to set this to 410 and request for removal via GSC
https://www.parcelmanagement.com/dp/ba986950,Blocked by robots.txt,Spam URL - Need to set this to 410 and request for removal via GSC
https://www.parcelmanagement.com/dp/bb1543157,Indexed pages,Spam URL - Need to set this to 410 and request for removal via GSC
https://www.parcelmanagement.com/dp/bb3915524,Indexed pages,Spam URL - Need to set this to 410 and request for removal via GSC
https://www.parcelmanagement.com/dp/bc1183717,Indexed pages,Spam URL - Need to set this to 410 and request for removal via GSC
https://www.parcelmanagement.com/dp/bc62070,Indexed pages,Spam URL - Need to set this to 410 and request for removal via GSC
https://www.parcelmanagement.com/dp/bc8129533,Indexed pages,Spam URL - Need to set this to 410 and request for removal via GSC
https://www.parcelmanagement.com/dp/bd4912102,Server error (5xx),Spam URL - Need to set this to 410 and request for removal via GSC
https://www.parcelmanagement.com/dp/bd5942665,Indexed pages,Spam URL - Need to set this to 410 and request for removal via GSC
https://www.parcelmanagement.com/dp/bd6840336,Indexed pages,Spam URL - Need to set this to 410 and request for removal via GSC
https://www.parcelmanagement.com/dp/bd7982087,Indexed pages,Spam URL - Need to set this to 410 and request for removal via GSC
https://www.parcelmanagement.com/dp/be2949350,Not found (404),Spam URL - Need to set this to 410 and request for removal via GSC
https://www.parcelmanagement.com/dp/bf2867173,Indexed pages,Spam URL - Need to set this to 410 and request for removal via GSC
https://www.parcelmanagement.com/dp/bf2874192,Blocked by robots.txt,Spam URL - Need to set this to 410 and request for removal via GSC
https://www.parcelmanagement.com/dp/bf3950028,Server error (5xx),Spam URL - Need to set this to 410 and request for removal via GSC
https://www.parcelmanagement.com/dp/bf5622992,Indexed pages,Spam URL - Need to set this to 410 and request for removal via GSC
https://www.parcelmanagement.com/dp/bf6254475,Server error (5xx),Spam URL - Need to set this to 410 and request for removal via GSC
https://www.parcelmanagement.com/dp/bf6927857,Not found (404),Spam URL - Need to set this to 410 and request for removal via GSC
https://www.parcelmanagement.com/dp/bf7545458,Not found (404),Spam URL - Need to set this to 410 and request for removal via GSC
https://www.parcelmanagement.com/dp/c02083169,Indexed pages,Spam URL - Need to set this to 410 and request for removal via GSC
https://www.parcelmanagement.com/dp/c03660194,Not found (404),Spam URL - Need to set this to 410 and request for removal via GSC
https://www.parcelmanagement.com/dp/c06044779,Indexed pages,Spam URL - Need to set this to 410 and request for removal via GSC
https://www.parcelmanagement.com/dp/c06157482,Indexed pages,Spam URL - Need to set this to 410 and request for removal via GSC
https://www.parcelmanagement.com/dp/c0694998,Indexed pages,Spam URL - Need to set this to 410 and request for removal via GSC
https://www.parcelmanagement.com/dp/c08184587,Not found (404),Spam URL - Need to set this to 410 and request for removal via GSC
https://www.parcelmanagement.com/dp/c11336451,Server error (5xx),Spam URL - Need to set this to 410 and request for removal via GSC
https://www.parcelmanagement.com/dp/c13428152,Blocked by robots.txt,Spam URL - Need to set this to 410 and request for removal via GSC
https://www.parcelmanagement.com/dp/c18499250,Blocked by robots.txt,Spam URL - Need to set this to 410 and request for removal via GSC
https://www.parcelmanagement.com/dp/c2141908,Server error (5xx),Spam URL - Need to set this to 410 and request for removal via GSC
https://www.parcelmanagement.com/dp/c22543290,Indexed pages,Spam URL - Need to set this to 410 and request for removal via GSC
https://www.parcelmanagement.com/dp/c26187110,Not found (404),Spam URL - Need to set this to 410 and request for removal via GSC
https://www.parcelmanagement.com/dp/c26880433,Not found (404),Spam URL - Need to set this to 410 and request for removal via GSC
https://www.parcelmanagement.com/dp/c26978241,Indexed pages,Spam URL - Need to set this to 410 and request for removal via GSC
https://www.parcelmanagement.com/dp/c27072635,Server error (5xx),Spam URL - Need to set this to 410 and request for removal via GSC
https://www.parcelmanagement.com/dp/c27874359,Not found (404),Spam URL - Need to set this to 410 and request for removal via GSC
https://www.parcelmanagement.com/dp/c3126738,Blocked by robots.txt,Spam URL - Need to set this to 410 and request for removal via GSC
https://www.parcelmanagement.com/dp/c3180562,Not found (404),Spam URL - Need to set this to 410 and request for removal via GSC
https://www.parcelmanagement.com/dp/c32203717,Server error (5xx),Spam URL - Need to set this to 410 and request for removal via GSC
https://www.parcelmanagement.com/dp/c32377659,Indexed pages,Spam URL - Need to set this to 410 and request for removal via GSC
https://www.parcelmanagement.com/dp/c3270673,Not found (404),Spam URL - Need to set this to 410 and request for removal via GSC
https://www.parcelmanagement.com/dp/c35355048,Not found (404),Spam URL - Need to set this to 410 and request for removal via GSC
https://www.parcelmanagement.com/dp/c36243824,Indexed pages,Spam URL - Need to set this to 410 and request for removal via GSC
https://www.parcelmanagement.com/dp/c36705954,Indexed pages,Spam URL - Need to set this to 410 and request for removal via GSC
https://www.parcelmanagement.com/dp/c36910800,Blocked by robots.txt,Spam URL - Need to set this to 410 and request for removal via GSC
https://www.parcelmanagement.com/dp/c38125326,Indexed pages,Spam URL - Need to set this to 410 and request for removal via GSC
https://www.parcelmanagement.com/dp/c3825295,Blocked by robots.txt,Spam URL - Need to set this to 410 and request for removal via GSC
https://www.parcelmanagement.com/dp/c41024542,Indexed pages,Spam URL - Need to set this to 410 and request for removal via GSC
https://www.parcelmanagement.com/dp/c41936841,Indexed pages,Spam URL - Need to set this to 410 and request for removal via GSC
https://www.parcelmanagement.com/dp/c42593604,Indexed pages,Spam URL - Need to set this to 410 and request for removal via GSC
https://www.parcelmanagement.com/dp/c43892636,Indexed pages,Spam URL - Need to set this to 410 and request for removal via GSC
https://www.parcelmanagement.com/dp/c45063201,Server error (5xx),Spam URL - Need to set this to 410 and request for removal via GSC
https://www.parcelmanagement.com/dp/c45205778,Server error (5xx),Spam URL - Need to set this to 410 and request for removal via GSC
https://www.parcelmanagement.com/dp/c46244831,Indexed pages,Spam URL - Need to set this to 410 and request for removal via GSC
https://www.parcelmanagement.com/dp/c4665931,Indexed pages,Spam URL - Need to set this to 410 and request for removal via GSC
https://www.parcelmanagement.com/dp/c47104677,Not found (404),Spam URL - Need to set this to 410 and request for removal via GSC
https://www.parcelmanagement.com/dp/c47197384,Server error (5xx),Spam URL - Need to set this to 410 and request for removal via GSC
https://www.parcelmanagement.com/dp/c53006841,Not found (404),Spam URL - Need to set this to 410 and request for removal via GSC
https://www.parcelmanagement.com/dp/c53138870,Not found (404),Spam URL - Need to set this to 410 and request for removal via GSC
https://www.parcelmanagement.com/dp/c53554222,Server error (5xx),Spam URL - Need to set this to 410 and request for removal via GSC
https://www.parcelmanagement.com/dp/c53833007,Indexed pages,Spam URL - Need to set this to 410 and request for removal via GSC
https://www.parcelmanagement.com/dp/c54304329,Not found (404),Spam URL - Need to set this to 410 and request for removal via GSC
https://www.parcelmanagement.com/dp/c5514657,Not found (404),Spam URL - Need to set this to 410 and request for removal via GSC
https://www.parcelmanagement.com/dp/c55219351,Not found (404),Spam URL - Need to set this to 410 and request for removal via GSC
https://www.parcelmanagement.com/dp/c55327628,Indexed pages,Spam URL - Need to set this to 410 and request for removal via GSC
https://www.parcelmanagement.com/dp/c55678106,Crawled - currently not indexed,Spam URL - Need to set this to 410 and request for removal via GSC
https://www.parcelmanagement.com/dp/c55841460,Indexed pages,Spam URL - Need to set this to 410 and request for removal via GSC
https://www.parcelmanagement.com/dp/c58237548,Not found (404),Spam URL - Need to set this to 410 and request for removal via GSC
https://www.parcelmanagement.com/dp/c58286072,Not found (404),Spam URL - Need to set this to 410 and request for removal via GSC
https://www.parcelmanagement.com/dp/c62332615,Blocked by robots.txt,Spam URL - Need to set this to 410 and request for removal via GSC
https://www.parcelmanagement.com/dp/c63829959,Indexed pages,Spam URL - Need to set this to 410 and request for removal via GSC
https://www.parcelmanagement.com/dp/c64435356,Not found (404),Spam URL - Need to set this to 410 and request for removal via GSC
https://www.parcelmanagement.com/dp/c64577515,Indexed pages,Spam URL - Need to set this to 410 and request for removal via GSC
https://www.parcelmanagement.com/dp/c65805583,Indexed pages,Spam URL - Need to set this to 410 and request for removal via GSC
https://www.parcelmanagement.com/dp/c66541253,Not found (404),Spam URL - Need to set this to 410 and request for removal via GSC
https://www.parcelmanagement.com/dp/c66809585,Indexed pages,Spam URL - Need to set this to 410 and request for removal via GSC
https://www.parcelmanagement.com/dp/c67076636,Server error (5xx),Spam URL - Need to set this to 410 and request for removal via GSC
https://www.parcelmanagement.com/dp/c67339511,Not found (404),Spam URL - Need to set this to 410 and request for removal via GSC
https://www.parcelmanagement.com/dp/c68037884,Not found (404),Spam URL - Need to set this to 410 and request for removal via GSC
https://www.parcelmanagement.com/dp/c68048317,Server error (5xx),Spam URL - Need to set this to 410 and request for removal via GSC
https://www.parcelmanagement.com/dp/c72019519,Not found (404),Spam URL - Need to set this to 410 and request for removal via GSC
https://www.parcelmanagement.com/dp/c77824626,Not found (404),Spam URL - Need to set this to 410 and request for removal via GSC
https://www.parcelmanagement.com/dp/c78108108,Not found (404),Spam URL - Need to set this to 410 and request for removal via GSC
https://www.parcelmanagement.com/dp/c78136825,Indexed pages,Spam URL - Need to set this to 410 and request for removal via GSC
https://www.parcelmanagement.com/dp/c78156299,Not found (404),Spam URL - Need to set this to 410 and request for removal via GSC
https://www.parcelmanagement.com/dp/c82737399,Indexed pages,Spam URL - Need to set this to 410 and request for removal via GSC
https://www.parcelmanagement.com/dp/c8324030,Blocked by robots.txt,Spam URL - Need to set this to 410 and request for removal via GSC
https://www.parcelmanagement.com/dp/c83800387,Blocked by robots.txt,Spam URL - Need to set this to 410 and request for removal via GSC
https://www.parcelmanagement.com/dp/c8466641,Not found (404),Spam URL - Need to set this to 410 and request for removal via GSC
https://www.parcelmanagement.com/dp/c86897039,Server error (5xx),Spam URL - Need to set this to 410 and request for removal via GSC
https://www.parcelmanagement.com/dp/c87156738,Blocked by robots.txt,Spam URL - Need to set this to 410 and request for removal via GSC
https://www.parcelmanagement.com/dp/c88198386,Indexed pages,Spam URL - Need to set this to 410 and request for removal via GSC
https://www.parcelmanagement.com/dp/c92304792,Not found (404),Spam URL - Need to set this to 410 and request for removal via GSC
https://www.parcelmanagement.com/dp/c9414155,Blocked by robots.txt,Spam URL - Need to set this to 410 and request for removal via GSC
https://www.parcelmanagement.com/dp/c94522270,Not found (404),Spam URL - Need to set this to 410 and request for removal via GSC
https://www.parcelmanagement.com/dp/c94683763,Indexed pages,Spam URL - Need to set this to 410 and request for removal via GSC
https://www.parcelmanagement.com/dp/c94902465,Server error (5xx),Spam URL - Need to set this to 410 and request for removal via GSC
https://www.parcelmanagement.com/dp/c96901686,Blocked by robots.txt,Spam URL - Need to set this to 410 and request for removal via GSC
https://www.parcelmanagement.com/dp/c9978262,Indexed pages,Spam URL - Need to set this to 410 and request for removal via GSC
https://www.parcelmanagement.com/dp/ca1891799,Blocked by robots.txt,Spam URL - Need to set this to 410 and request for removal via GSC
https://www.parcelmanagement.com/dp/ca2003302,Server error (5xx),Spam URL - Need to set this to 410 and request for removal via GSC
https://www.parcelmanagement.com/dp/ca3286332,Not found (404),Spam URL - Need to set this to 410 and request for removal via GSC
https://www.parcelmanagement.com/dp/ca4577033,Not found (404),Spam URL - Need to set this to 410 and request for removal via GSC
https://www.parcelmanagement.com/dp/ca7276001,Indexed pages,Spam URL - Need to set this to 410 and request for removal via GSC
https://www.parcelmanagement.com/dp/cb7090686,Indexed pages,Spam URL - Need to set this to 410 and request for removal via GSC
https://www.parcelmanagement.com/dp/cc2527026,Server error (5xx),Spam URL - Need to set this to 410 and request for removal via GSC
https://www.parcelmanagement.com/dp/cc3097705,Server error (5xx),Spam URL - Need to set this to 410 and request for removal via GSC
https://www.parcelmanagement.com/dp/cc7013646,Not found (404),Spam URL - Need to set this to 410 and request for removal via GSC
https://www.parcelmanagement.com/dp/cc8109419,Indexed pages,Spam URL - Need to set this to 410 and request for removal via GSC
https://www.parcelmanagement.com/dp/cd2194466,Server error (5xx),Spam URL - Need to set this to 410 and request for removal via GSC
https://www.parcelmanagement.com/dp/cd2533487,Indexed pages,Spam URL - Need to set this to 410 and request for removal via GSC
https://www.parcelmanagement.com/dp/cd3327863,Indexed pages,Spam URL - Need to set this to 410 and request for removal via GSC
https://www.parcelmanagement.com/dp/cd3542944,Indexed pages,Spam URL - Need to set this to 410 and request for removal via GSC
https://www.parcelmanagement.com/dp/cd3867568,Not found (404),Spam URL - Need to set this to 410 and request for removal via GSC
https://www.parcelmanagement.com/dp/cd3993368,Not found (404),Spam URL - Need to set this to 410 and request for removal via GSC
https://www.parcelmanagement.com/dp/cd4650970,Indexed pages,Spam URL - Need to set this to 410 and request for removal via GSC
https://www.parcelmanagement.com/dp/cd5784473,Not found (404),Spam URL - Need to set this to 410 and request for removal via GSC
https://www.parcelmanagement.com/dp/cd728432,Server error (5xx),Spam URL - Need to set this to 410 and request for removal via GSC
https://www.parcelmanagement.com/dp/ce5501859,Not found (404),Spam URL - Need to set this to 410 and request for removal via GSC
https://www.parcelmanagement.com/dp/cf3216058,Not found (404),Spam URL - Need to set this to 410 and request for removal via GSC
https://www.parcelmanagement.com/dp/cf423321,Not found (404),Spam URL - Need to set this to 410 and request for removal via GSC
https://www.parcelmanagement.com/dp/cf6510392,Not found (404),Spam URL - Need to set this to 410 and request for removal via GSC
https://www.parcelmanagement.com/dp/d02129519,Server error (5xx),Spam URL - Need to set this to 410 and request for removal via GSC
https://www.parcelmanagement.com/dp/d03114581,Blocked by robots.txt,Spam URL - Need to set this to 410 and request for removal via GSC
https://www.parcelmanagement.com/dp/d03588912,Blocked by robots.txt,Spam URL - Need to set this to 410 and request for removal via GSC
https://www.parcelmanagement.com/dp/d0560125,Indexed pages,Spam URL - Need to set this to 410 and request for removal via GSC
https://www.parcelmanagement.com/dp/d05884220,Not found (404),Spam URL - Need to set this to 410 and request for removal via GSC
https://www.parcelmanagement.com/dp/d06949705,Indexed pages,Spam URL - Need to set this to 410 and request for removal via GSC
https://www.parcelmanagement.com/dp/d07478977,Not found (404),Spam URL - Need to set this to 410 and request for removal via GSC
https://www.parcelmanagement.com/dp/d13397047,Not found (404),Spam URL - Need to set this to 410 and request for removal via GSC
https://www.parcelmanagement.com/dp/d1411026,Indexed pages,Spam URL - Need to set this to 410 and request for removal via GSC
https://www.parcelmanagement.com/dp/d15601234,Blocked by robots.txt,Spam URL - Need to set this to 410 and request for removal via GSC
https://www.parcelmanagement.com/dp/d15933929,Indexed pages,Spam URL - Need to set this to 410 and request for removal via GSC
https://www.parcelmanagement.com/dp/d17943830,Blocked by robots.txt,Spam URL - Need to set this to 410 and request for removal via GSC
https://www.parcelmanagement.com/dp/d1861611,Server error (5xx),Spam URL - Need to set this to 410 and request for removal via GSC
https://www.parcelmanagement.com/dp/d21013584,Server error (5xx),Spam URL - Need to set this to 410 and request for removal via GSC
https://www.parcelmanagement.com/dp/d23090633,Indexed pages,Spam URL - Need to set this to 410 and request for removal via GSC
https://www.parcelmanagement.com/dp/d23296843,Server error (5xx),Spam URL - Need to set this to 410 and request for removal via GSC
https://www.parcelmanagement.com/dp/d23366896,Blocked by robots.txt,Spam URL - Need to set this to 410 and request for removal via GSC
https://www.parcelmanagement.com/dp/d23378296,Not found (404),Spam URL - Need to set this to 410 and request for removal via GSC
https://www.parcelmanagement.com/dp/d23977976,Not found (404),Spam URL - Need to set this to 410 and request for removal via GSC
https://www.parcelmanagement.com/dp/d24849233,Indexed pages,Spam URL - Need to set this to 410 and request for removal via GSC
https://www.parcelmanagement.com/dp/d25756052,Not found (404),Spam URL - Need to set this to 410 and request for removal via GSC
https://www.parcelmanagement.com/dp/d25831646,Blocked by robots.txt,Spam URL - Need to set this to 410 and request for removal via GSC
https://www.parcelmanagement.com/dp/d27587193,Not found (404),Spam URL - Need to set this to 410 and request for removal via GSC
https://www.parcelmanagement.com/dp/d27782792,Indexed pages,Spam URL - Need to set this to 410 and request for removal via GSC
https://www.parcelmanagement.com/dp/d28607443,Server error (5xx),Spam URL - Need to set this to 410 and request for removal via GSC
https://www.parcelmanagement.com/dp/d28636558,Blocked by robots.txt,Spam URL - Need to set this to 410 and request for removal via GSC
https://www.parcelmanagement.com/dp/d31045251,Indexed pages,Spam URL - Need to set this to 410 and request for removal via GSC
https://www.parcelmanagement.com/dp/d32106824,Indexed pages,Spam URL - Need to set this to 410 and request for removal via GSC
https://www.parcelmanagement.com/dp/d32365927,Not found (404),Spam URL - Need to set this to 410 and request for removal via GSC
https://www.parcelmanagement.com/dp/d32994976,Not found (404),Spam URL - Need to set this to 410 and request for removal via GSC
https://www.parcelmanagement.com/dp/d34239181,Indexed pages,Spam URL - Need to set this to 410 and request for removal via GSC
https://www.parcelmanagement.com/dp/d34708670,Indexed pages,Spam URL - Need to set this to 410 and request for removal via GSC
https://www.parcelmanagement.com/dp/d34819334,Blocked by robots.txt,Spam URL - Need to set this to 410 and request for removal via GSC
https://www.parcelmanagement.com/dp/d34985116,Indexed pages,Spam URL - Need to set this to 410 and request for removal via GSC
https://www.parcelmanagement.com/dp/d3504993,Indexed pages,Spam URL - Need to set this to 410 and request for removal via GSC
https://www.parcelmanagement.com/dp/d35235362,Blocked by robots.txt,Spam URL - Need to set this to 410 and request for removal via GSC
https://www.parcelmanagement.com/dp/d35466181,Not found (404),Spam URL - Need to set this to 410 and request for removal via GSC
https://www.parcelmanagement.com/dp/d35514606,Indexed pages,Spam URL - Need to set this to 410 and request for removal via GSC
https://www.parcelmanagement.com/dp/d36217935,Indexed pages,Spam URL - Need to set this to 410 and request for removal via GSC
https://www.parcelmanagement.com/dp/d36498328,Server error (5xx),Spam URL - Need to set this to 410 and request for removal via GSC
https://www.parcelmanagement.com/dp/d394678,Indexed pages,Spam URL - Need to set this to 410 and request for removal via GSC
https://www.parcelmanagement.com/dp/d3985991,Indexed pages,Spam URL - Need to set this to 410 and request for removal via GSC
https://www.parcelmanagement.com/dp/d41485812,Not found (404),Spam URL - Need to set this to 410 and request for removal via GSC
https://www.parcelmanagement.com/dp/d42588822,Server error (5xx),Spam URL - Need to set this to 410 and request for removal via GSC
https://www.parcelmanagement.com/dp/d43239135,Indexed pages,Spam URL - Need to set this to 410 and request for removal via GSC
https://www.parcelmanagement.com/dp/d44722280,Indexed pages,Spam URL - Need to set this to 410 and request for removal via GSC
https://www.parcelmanagement.com/dp/d45429737,Indexed pages,Spam URL - Need to set this to 410 and request for removal via GSC
https://www.parcelmanagement.com/dp/d4705507,Not found (404),Spam URL - Need to set this to 410 and request for removal via GSC
https://www.parcelmanagement.com/dp/d47982902,Indexed pages,Spam URL - Need to set this to 410 and request for removal via GSC
https://www.parcelmanagement.com/dp/d4965459,Indexed pages,Spam URL - Need to set this to 410 and request for removal via GSC
https://www.parcelmanagement.com/dp/d51722157,Not found (404),Spam URL - Need to set this to 410 and request for removal via GSC
https://www.parcelmanagement.com/dp/d52008304,Not found (404),Spam URL - Need to set this to 410 and request for removal via GSC
https://www.parcelmanagement.com/dp/d54281171,Crawled - currently not indexed,Spam URL - Need to set this to 410 and request for removal via GSC
https://www.parcelmanagement.com/dp/d54839456,Not found (404),Spam URL - Need to set this to 410 and request for removal via GSC
https://www.parcelmanagement.com/dp/d54929106,Blocked by robots.txt,Spam URL - Need to set this to 410 and request for removal via GSC
https://www.parcelmanagement.com/dp/d55751703,Indexed pages,Spam URL - Need to set this to 410 and request for removal via GSC
https://www.parcelmanagement.com/dp/d56131343,Indexed pages,Spam URL - Need to set this to 410 and request for removal via GSC
https://www.parcelmanagement.com/dp/d56632964,Blocked by robots.txt,Spam URL - Need to set this to 410 and request for removal via GSC
https://www.parcelmanagement.com/dp/d57397791,Indexed pages,Spam URL - Need to set this to 410 and request for removal via GSC
https://www.parcelmanagement.com/dp/d58598185,Not found (404),Spam URL - Need to set this to 410 and request for removal via GSC
https://www.parcelmanagement.com/dp/d61111613,Not found (404),Spam URL - Need to set this to 410 and request for removal via GSC
https://www.parcelmanagement.com/dp/d6219957,Not found (404),Spam URL - Need to set this to 410 and request for removal via GSC
https://www.parcelmanagement.com/dp/d6375902,Indexed pages,Spam URL - Need to set this to 410 and request for removal via GSC
https://www.parcelmanagement.com/dp/d64098819,Server error (5xx),Spam URL - Need to set this to 410 and request for removal via GSC
https://www.parcelmanagement.com/dp/d65663223,Blocked by robots.txt,Spam URL - Need to set this to 410 and request for removal via GSC
https://www.parcelmanagement.com/dp/d67018384,Blocked by robots.txt,Spam URL - Need to set this to 410 and request for removal via GSC
https://www.parcelmanagement.com/dp/d68188093,Server error (5xx),Spam URL - Need to set this to 410 and request for removal via GSC
https://www.parcelmanagement.com/dp/d68598611,Indexed pages,Spam URL - Need to set this to 410 and request for removal via GSC
https://www.parcelmanagement.com/dp/d72782668,Not found (404),Spam URL - Need to set this to 410 and request for removal via GSC
https://www.parcelmanagement.com/dp/d74540914,Not found (404),Spam URL - Need to set this to 410 and request for removal via GSC
https://www.parcelmanagement.com/dp/d77119799,Blocked by robots.txt,Spam URL - Need to set this to 410 and request for removal via GSC
https://www.parcelmanagement.com/dp/d77440598,Not found (404),Spam URL - Need to set this to 410 and request for removal via GSC
https://www.parcelmanagement.com/dp/d78297642,Indexed pages,Spam URL - Need to set this to 410 and request for removal via GSC
https://www.parcelmanagement.com/dp/d83273060,Not found (404),Spam URL - Need to set this to 410 and request for removal via GSC
https://www.parcelmanagement.com/dp/d84578063,Not found (404),Spam URL - Need to set this to 410 and request for removal via GSC
https://www.parcelmanagement.com/dp/d87597866,Indexed pages,Spam URL - Need to set this to 410 and request for removal via GSC
https://www.parcelmanagement.com/dp/d88153508,Indexed pages,Spam URL - Need to set this to 410 and request for removal via GSC
https://www.parcelmanagement.com/dp/d92347660,Blocked by robots.txt,Spam URL - Need to set this to 410 and request for removal via GSC
https://www.parcelmanagement.com/dp/d9365594,Indexed pages,Spam URL - Need to set this to 410 and request for removal via GSC
https://www.parcelmanagement.com/dp/d93987529,Indexed pages,Spam URL - Need to set this to 410 and request for removal via GSC
https://www.parcelmanagement.com/dp/d94882070,Not found (404),Spam URL - Need to set this to 410 and request for removal via GSC
https://www.parcelmanagement.com/dp/d95014660,Indexed pages,Spam URL - Need to set this to 410 and request for removal via GSC
https://www.parcelmanagement.com/dp/d95783487,Server error (5xx),Spam URL - Need to set this to 410 and request for removal via GSC
https://www.parcelmanagement.com/dp/d9578917,Indexed pages,Spam URL - Need to set this to 410 and request for removal via GSC
https://www.parcelmanagement.com/dp/d95985398,Indexed pages,Spam URL - Need to set this to 410 and request for removal via GSC
https://www.parcelmanagement.com/dp/d96180119,Not found (404),Spam URL - Need to set this to 410 and request for removal via GSC
https://www.parcelmanagement.com/dp/d96500370,Not found (404),Spam URL - Need to set this to 410 and request for removal via GSC
https://www.parcelmanagement.com/dp/d97122650,Server error (5xx),Spam URL - Need to set this to 410 and request for removal via GSC
https://www.parcelmanagement.com/dp/d97708695,Not found (404),Spam URL - Need to set this to 410 and request for removal via GSC
https://www.parcelmanagement.com/dp/d98183652,Server error (5xx),Spam URL - Need to set this to 410 and request for removal via GSC
https://www.parcelmanagement.com/dp/da2058604,Server error (5xx),Spam URL - Need to set this to 410 and request for removal via GSC
https://www.parcelmanagement.com/dp/da2862159,Server error (5xx),Spam URL - Need to set this to 410 and request for removal via GSC
https://www.parcelmanagement.com/dp/da6623462,Indexed pages,Spam URL - Need to set this to 410 and request for removal via GSC
https://www.parcelmanagement.com/dp/db2400147,Server error (5xx),Spam URL - Need to set this to 410 and request for removal via GSC
https://www.parcelmanagement.com/dp/db3843685,Not found (404),Spam URL - Need to set this to 410 and request for removal via GSC
https://www.parcelmanagement.com/dp/db5379886,Not found (404),Spam URL - Need to set this to 410 and request for removal via GSC
https://www.parcelmanagement.com/dp/db8315706,Not found (404),Spam URL - Need to set this to 410 and request for removal via GSC
https://www.parcelmanagement.com/dp/dc1399678,Not found (404),Spam URL - Need to set this to 410 and request for removal via GSC
https://www.parcelmanagement.com/dp/dc1452253,Indexed pages,Spam URL - Need to set this to 410 and request for removal via GSC
https://www.parcelmanagement.com/dp/dc2487813,Indexed pages,Spam URL - Need to set this to 410 and request for removal via GSC
https://www.parcelmanagement.com/dp/dc5840797,Indexed pages,Spam URL - Need to set this to 410 and request for removal via GSC
https://www.parcelmanagement.com/dp/dc5927023,Blocked by robots.txt,Spam URL - Need to set this to 410 and request for removal via GSC
https://www.parcelmanagement.com/dp/dc7438049,Indexed pages,Spam URL - Need to set this to 410 and request for removal via GSC
https://www.parcelmanagement.com/dp/dd3801794,Indexed pages,Spam URL - Need to set this to 410 and request for removal via GSC
https://www.parcelmanagement.com/dp/dd3930021,Server error (5xx),Spam URL - Need to set this to 410 and request for removal via GSC
https://www.parcelmanagement.com/dp/dd7633456,Server error (5xx),Spam URL - Need to set this to 410 and request for removal via GSC
https://www.parcelmanagement.com/dp/de3583343,Blocked by robots.txt,Spam URL - Need to set this to 410 and request for removal via GSC
https://www.parcelmanagement.com/dp/de5868741,Server error (5xx),Spam URL - Need to set this to 410 and request for removal via GSC
https://www.parcelmanagement.com/dp/de8307638,Server error (5xx),Spam URL - Need to set this to 410 and request for removal via GSC
https://www.parcelmanagement.com/dp/de842683,Not found (404),Spam URL - Need to set this to 410 and request for removal via GSC
https://www.parcelmanagement.com/dp/df5280772,Not found (404),Spam URL - Need to set this to 410 and request for removal via GSC
https://www.parcelmanagement.com/dp/e0122844,Not found (404),Spam URL - Need to set this to 410 and request for removal via GSC
https://www.parcelmanagement.com/dp/e01926233,Not found (404),Spam URL - Need to set this to 410 and request for removal via GSC
https://www.parcelmanagement.com/dp/e04793282,Blocked by robots.txt,Spam URL - Need to set this to 410 and request for removal via GSC
https://www.parcelmanagement.com/dp/e05104355,Not found (404),Spam URL - Need to set this to 410 and request for removal via GSC
https://www.parcelmanagement.com/dp/e06873205,Indexed pages,Spam URL - Need to set this to 410 and request for removal via GSC
https://www.parcelmanagement.com/dp/e07860221,Not found (404),Spam URL - Need to set this to 410 and request for removal via GSC
https://www.parcelmanagement.com/dp/e1299182,Indexed pages,Spam URL - Need to set this to 410 and request for removal via GSC
https://www.parcelmanagement.com/dp/e14803844,Indexed pages,Spam URL - Need to set this to 410 and request for removal via GSC
https://www.parcelmanagement.com/dp/e16488503,Server error (5xx),Spam URL - Need to set this to 410 and request for removal via GSC
https://www.parcelmanagement.com/dp/e17525414,Blocked by robots.txt,Spam URL - Need to set this to 410 and request for removal via GSC
https://www.parcelmanagement.com/dp/e2131323,Server error (5xx),Spam URL - Need to set this to 410 and request for removal via GSC
https://www.parcelmanagement.com/dp/e22061639,Indexed pages,Spam URL - Need to set this to 410 and request for removal via GSC
https://www.parcelmanagement.com/dp/e23875528,Not found (404),Spam URL - Need to set this to 410 and request for removal via GSC
https://www.parcelmanagement.com/dp/e24609132,Not found (404),Spam URL - Need to set this to 410 and request for removal via GSC
https://www.parcelmanagement.com/dp/e25907580,Server error (5xx),Spam URL - Need to set this to 410 and request for removal via GSC
https://www.parcelmanagement.com/dp/e2608165,Indexed pages,Spam URL - Need to set this to 410 and request for removal via GSC
https://www.parcelmanagement.com/dp/e26285210,Not found (404),Spam URL - Need to set this to 410 and request for removal via GSC
https://www.parcelmanagement.com/dp/e2771535,Indexed pages,Spam URL - Need to set this to 410 and request for removal via GSC
https://www.parcelmanagement.com/dp/e31061858,Server error (5xx),Spam URL - Need to set this to 410 and request for removal via GSC
https://www.parcelmanagement.com/dp/e31668987,Not found (404),Spam URL - Need to set this to 410 and request for removal via GSC
https://www.parcelmanagement.com/dp/e31989768,Not found (404),Spam URL - Need to set this to 410 and request for removal via GSC
https://www.parcelmanagement.com/dp/e33021764,Indexed pages,Spam URL - Need to set this to 410 and request for removal via GSC
https://www.parcelmanagement.com/dp/e35299023,Not found (404),Spam URL - Need to set this to 410 and request for removal via GSC
https://www.parcelmanagement.com/dp/e38282453,Server error (5xx),Spam URL - Need to set this to 410 and request for removal via GSC
https://www.parcelmanagement.com/dp/e3876941,Blocked by robots.txt,Spam URL - Need to set this to 410 and request for removal via GSC
https://www.parcelmanagement.com/dp/e41430413,Server error (5xx),Spam URL - Need to set this to 410 and request for removal via GSC
https://www.parcelmanagement.com/dp/e41818655,Server error (5xx),Spam URL - Need to set this to 410 and request for removal via GSC
https://www.parcelmanagement.com/dp/e42121844,Not found (404),Spam URL - Need to set this to 410 and request for removal via GSC
https://www.parcelmanagement.com/dp/e44012139,Indexed pages,Spam URL - Need to set this to 410 and request for removal via GSC
https://www.parcelmanagement.com/dp/e44623362,Not found (404),Spam URL - Need to set this to 410 and request for removal via GSC
https://www.parcelmanagement.com/dp/e44920915,Not found (404),Spam URL - Need to set this to 410 and request for removal via GSC
https://www.parcelmanagement.com/dp/e45517857,Blocked by robots.txt,Spam URL - Need to set this to 410 and request for removal via GSC
https://www.parcelmanagement.com/dp/e46372826,Server error (5xx),Spam URL - Need to set this to 410 and request for removal via GSC
https://www.parcelmanagement.com/dp/e47149432,Not found (404),Spam URL - Need to set this to 410 and request for removal via GSC
https://www.parcelmanagement.com/dp/e48407996,Indexed pages,Spam URL - Need to set this to 410 and request for removal via GSC
https://www.parcelmanagement.com/dp/e51180789,Not found (404),Spam URL - Need to set this to 410 and request for removal via GSC
https://www.parcelmanagement.com/dp/e52122911,Not found (404),Spam URL - Need to set this to 410 and request for removal via GSC
https://www.parcelmanagement.com/dp/e52344639,Server error (5xx),Spam URL - Need to set this to 410 and request for removal via GSC
https://www.parcelmanagement.com/dp/e5427886,Not found (404),Spam URL - Need to set this to 410 and request for removal via GSC
https://www.parcelmanagement.com/dp/e54363794,Not found (404),Spam URL - Need to set this to 410 and request for removal via GSC
https://www.parcelmanagement.com/dp/e57055302,Server error (5xx),Spam URL - Need to set this to 410 and request for removal via GSC
https://www.parcelmanagement.com/dp/e57550270,Indexed pages,Spam URL - Need to set this to 410 and request for removal via GSC
https://www.parcelmanagement.com/dp/e58169073,Indexed pages,Spam URL - Need to set this to 410 and request for removal via GSC
https://www.parcelmanagement.com/dp/e61089704,Not found (404),Spam URL - Need to set this to 410 and request for removal via GSC
https://www.parcelmanagement.com/dp/e61865714,Blocked by robots.txt,Spam URL - Need to set this to 410 and request for removal via GSC
https://www.parcelmanagement.com/dp/e61880465,Server error (5xx),Spam URL - Need to set this to 410 and request for removal via GSC
https://www.parcelmanagement.com/dp/e62208832,Indexed pages,Spam URL - Need to set this to 410 and request for removal via GSC
https://www.parcelmanagement.com/dp/e64771838,Server error (5xx),Spam URL - Need to set this to 410 and request for removal via GSC
https://www.parcelmanagement.com/dp/e67095078,Blocked by robots.txt,Spam URL - Need to set this to 410 and request for removal via GSC
https://www.parcelmanagement.com/dp/e67945726,Indexed pages,Spam URL - Need to set this to 410 and request for removal via GSC
https://www.parcelmanagement.com/dp/e68329460,Indexed pages,Spam URL - Need to set this to 410 and request for removal via GSC
https://www.parcelmanagement.com/dp/e72084153,Not found (404),Spam URL - Need to set this to 410 and request for removal via GSC
https://www.parcelmanagement.com/dp/e72631162,Server error (5xx),Spam URL - Need to set this to 410 and request for removal via GSC
https://www.parcelmanagement.com/dp/e74202378,Indexed pages,Spam URL - Need to set this to 410 and request for removal via GSC
https://www.parcelmanagement.com/dp/e75188114,Not found (404),Spam URL - Need to set this to 410 and request for removal via GSC
https://www.parcelmanagement.com/dp/e75300434,Indexed pages,Spam URL - Need to set this to 410 and request for removal via GSC
https://www.parcelmanagement.com/dp/e76033896,Not found (404),Spam URL - Need to set this to 410 and request for removal via GSC
https://www.parcelmanagement.com/dp/e7634083,Indexed pages,Spam URL - Need to set this to 410 and request for removal via GSC
https://www.parcelmanagement.com/dp/e77331844,Indexed pages,Spam URL - Need to set this to 410 and request for removal via GSC
https://www.parcelmanagement.com/dp/e78326594,Indexed pages,Spam URL - Need to set this to 410 and request for removal via GSC
https://www.parcelmanagement.com/dp/e81872447,Indexed pages,Spam URL - Need to set this to 410 and request for removal via GSC
https://www.parcelmanagement.com/dp/e83525734,Not found (404),Spam URL - Need to set this to 410 and request for removal via GSC
https://www.parcelmanagement.com/dp/e85358834,Server error (5xx),Spam URL - Need to set this to 410 and request for removal via GSC
https://www.parcelmanagement.com/dp/e88543836,Not found (404),Spam URL - Need to set this to 410 and request for removal via GSC
https://www.parcelmanagement.com/dp/e8982888,Indexed pages,Spam URL - Need to set this to 410 and request for removal via GSC
https://www.parcelmanagement.com/dp/e91394568,Not found (404),Spam URL - Need to set this to 410 and request for removal via GSC
https://www.parcelmanagement.com/dp/e91599188,Indexed pages,Spam URL - Need to set this to 410 and request for removal via GSC
https://www.parcelmanagement.com/dp/e93436759,Server error (5xx),Spam URL - Need to set this to 410 and request for removal via GSC
https://www.parcelmanagement.com/dp/e95749225,Indexed pages,Spam URL - Need to set this to 410 and request for removal via GSC
https://www.parcelmanagement.com/dp/e96019791,Blocked by robots.txt,Spam URL - Need to set this to 410 and request for removal via GSC
https://www.parcelmanagement.com/dp/e97039908,Blocked by robots.txt,Spam URL - Need to set this to 410 and request for removal via GSC
https://www.parcelmanagement.com/dp/e97204869,Not found (404),Spam URL - Need to set this to 410 and request for removal via GSC
https://www.parcelmanagement.com/dp/ea1851539,Not found (404),Spam URL - Need to set this to 410 and request for removal via GSC
https://www.parcelmanagement.com/dp/ea4867568,Indexed pages,Spam URL - Need to set this to 410 and request for removal via GSC
https://www.parcelmanagement.com/dp/ea6979085,Indexed pages,Spam URL - Need to set this to 410 and request for removal via GSC
https://www.parcelmanagement.com/dp/eb2547442,Not found (404),Spam URL - Need to set this to 410 and request for removal via GSC
https://www.parcelmanagement.com/dp/eb2901916,Indexed pages,Spam URL - Need to set this to 410 and request for removal via GSC
https://www.parcelmanagement.com/dp/eb3899971,Not found (404),Spam URL - Need to set this to 410 and request for removal via GSC
https://www.parcelmanagement.com/dp/eb5309989,Indexed pages,Spam URL - Need to set this to 410 and request for removal via GSC
https://www.parcelmanagement.com/dp/eb6149254,Indexed pages,Spam URL - Need to set this to 410 and request for removal via GSC
https://www.parcelmanagement.com/dp/eb7607978,Not found (404),Spam URL - Need to set this to 410 and request for removal via GSC
https://www.parcelmanagement.com/dp/ec1275617,Server error (5xx),Spam URL - Need to set this to 410 and request for removal via GSC
https://www.parcelmanagement.com/dp/ec6264724,Crawled - currently not indexed,Spam URL - Need to set this to 410 and request for removal via GSC
https://www.parcelmanagement.com/dp/ec751252,Server error (5xx),Spam URL - Need to set this to 410 and request for removal via GSC
https://www.parcelmanagement.com/dp/ec76108,Not found (404),Spam URL - Need to set this to 410 and request for removal via GSC
https://www.parcelmanagement.com/dp/ec853036,Server error (5xx),Spam URL - Need to set this to 410 and request for removal via GSC
https://www.parcelmanagement.com/dp/ed2091772,Not found (404),Spam URL - Need to set this to 410 and request for removal via GSC
https://www.parcelmanagement.com/dp/ed3650362,Not found (404),Spam URL - Need to set this to 410 and request for removal via GSC
https://www.parcelmanagement.com/dp/ee3048594,Not found (404),Spam URL - Need to set this to 410 and request for removal via GSC
https://www.parcelmanagement.com/dp/ee3406703,Blocked by robots.txt,Spam URL - Need to set this to 410 and request for removal via GSC
https://www.parcelmanagement.com/dp/ee460209,Indexed pages,Spam URL - Need to set this to 410 and request for removal via GSC
https://www.parcelmanagement.com/dp/ee7511148,Server error (5xx),Spam URL - Need to set this to 410 and request for removal via GSC
https://www.parcelmanagement.com/dp/ef3078568,Indexed pages,Spam URL - Need to set this to 410 and request for removal via GSC
https://www.parcelmanagement.com/dp/ef3100105,Indexed pages,Spam URL - Need to set this to 410 and request for removal via GSC
https://www.parcelmanagement.com/dp/ef4532164,Indexed pages,Spam URL - Need to set this to 410 and request for removal via GSC
https://www.parcelmanagement.com/dp/ef4751032,Server error (5xx),Spam URL - Need to set this to 410 and request for removal via GSC
https://www.parcelmanagement.com/dp/ef6718348,Indexed pages,Spam URL - Need to set this to 410 and request for removal via GSC
https://www.parcelmanagement.com/dp/ef7671371,Server error (5xx),Spam URL - Need to set this to 410 and request for removal via GSC
https://www.parcelmanagement.com/dp/f01443255,Not found (404),Spam URL - Need to set this to 410 and request for removal via GSC
https://www.parcelmanagement.com/dp/f02707861,Not found (404),Spam URL - Need to set this to 410 and request for removal via GSC
https://www.parcelmanagement.com/dp/f05253957,Crawled - currently not indexed,Spam URL - Need to set this to 410 and request for removal via GSC
https://www.parcelmanagement.com/dp/f06025004,Indexed pages,Spam URL - Need to set this to 410 and request for removal via GSC
https://www.parcelmanagement.com/dp/f0741810,Server error (5xx),Spam URL - Need to set this to 410 and request for removal via GSC
https://www.parcelmanagement.com/dp/f07608527,Not found (404),Spam URL - Need to set this to 410 and request for removal via GSC
https://www.parcelmanagement.com/dp/f0797645,Not found (404),Spam URL - Need to set this to 410 and request for removal via GSC
https://www.parcelmanagement.com/dp/f0855697,Not found (404),Spam URL - Need to set this to 410 and request for removal via GSC
https://www.parcelmanagement.com/dp/f12008241,Indexed pages,Spam URL - Need to set this to 410 and request for removal via GSC
https://www.parcelmanagement.com/dp/f13365545,Indexed pages,Spam URL - Need to set this to 410 and request for removal via GSC
https://www.parcelmanagement.com/dp/f13389359,Not found (404),Spam URL - Need to set this to 410 and request for removal via GSC
https://www.parcelmanagement.com/dp/f14698786,Indexed pages,Spam URL - Need to set this to 410 and request for removal via GSC
https://www.parcelmanagement.com/dp/f15494690,Server error (5xx),Spam URL - Need to set this to 410 and request for removal via GSC
https://www.parcelmanagement.com/dp/f16726821,Indexed pages,Spam URL - Need to set this to 410 and request for removal via GSC
https://www.parcelmanagement.com/dp/f16968828,Indexed pages,Spam URL - Need to set this to 410 and request for removal via GSC
https://www.parcelmanagement.com/dp/f17253544,Not found (404),Spam URL - Need to set this to 410 and request for removal via GSC
https://www.parcelmanagement.com/dp/f17480576,Server error (5xx),Spam URL - Need to set this to 410 and request for removal via GSC
https://www.parcelmanagement.com/dp/f18013219,Not found (404),Spam URL - Need to set this to 410 and request for removal via GSC
https://www.parcelmanagement.com/dp/f21297629,Blocked by robots.txt,Spam URL - Need to set this to 410 and request for removal via GSC
https://www.parcelmanagement.com/dp/f23789684,Indexed pages,Spam URL - Need to set this to 410 and request for removal via GSC
https://www.parcelmanagement.com/dp/f23981113,Not found (404),Spam URL - Need to set this to 410 and request for removal via GSC
https://www.parcelmanagement.com/dp/f2457516,Indexed pages,Spam URL - Need to set this to 410 and request for removal via GSC
https://www.parcelmanagement.com/dp/f25535090,Server error (5xx),Spam URL - Need to set this to 410 and request for removal via GSC
https://www.parcelmanagement.com/dp/f25741322,Blocked by robots.txt,Spam URL - Need to set this to 410 and request for removal via GSC
https://www.parcelmanagement.com/dp/f25944055,Indexed pages,Spam URL - Need to set this to 410 and request for removal via GSC
https://www.parcelmanagement.com/dp/f25953335,Blocked by robots.txt,Spam URL - Need to set this to 410 and request for removal via GSC
https://www.parcelmanagement.com/dp/f26815130,Crawled - currently not indexed,Spam URL - Need to set this to 410 and request for removal via GSC
https://www.parcelmanagement.com/dp/f31006545,Indexed pages,Spam URL - Need to set this to 410 and request for removal via GSC
https://www.parcelmanagement.com/dp/f31551590,Server error (5xx),Spam URL - Need to set this to 410 and request for removal via GSC
https://www.parcelmanagement.com/dp/f31643086,Indexed pages,Spam URL - Need to set this to 410 and request for removal via GSC
https://www.parcelmanagement.com/dp/f32326030,Not found (404),Spam URL - Need to set this to 410 and request for removal via GSC
https://www.parcelmanagement.com/dp/f32479171,Blocked by robots.txt,Spam URL - Need to set this to 410 and request for removal via GSC
https://www.parcelmanagement.com/dp/f33425756,Indexed pages,Spam URL - Need to set this to 410 and request for removal via GSC
https://www.parcelmanagement.com/dp/f33639308,Indexed pages,Spam URL - Need to set this to 410 and request for removal via GSC
https://www.parcelmanagement.com/dp/f33895509,Not found (404),Spam URL - Need to set this to 410 and request for removal via GSC
https://www.parcelmanagement.com/dp/f34230337,Indexed pages,Spam URL - Need to set this to 410 and request for removal via GSC
https://www.parcelmanagement.com/dp/f34396337,Blocked by robots.txt,Spam URL - Need to set this to 410 and request for removal via GSC
https://www.parcelmanagement.com/dp/f35351635,Blocked by robots.txt,Spam URL - Need to set this to 410 and request for removal via GSC
https://www.parcelmanagement.com/dp/f35505179,Not found (404),Spam URL - Need to set this to 410 and request for removal via GSC
https://www.parcelmanagement.com/dp/f41989436,Not found (404),Spam URL - Need to set this to 410 and request for removal via GSC
https://www.parcelmanagement.com/dp/f42458965,Server error (5xx),Spam URL - Need to set this to 410 and request for removal via GSC
https://www.parcelmanagement.com/dp/f42975002,Not found (404),Spam URL - Need to set this to 410 and request for removal via GSC
https://www.parcelmanagement.com/dp/f43031048,Server error (5xx),Spam URL - Need to set this to 410 and request for removal via GSC
https://www.parcelmanagement.com/dp/f44103583,Not found (404),Spam URL - Need to set this to 410 and request for removal via GSC
https://www.parcelmanagement.com/dp/f44967076,Indexed pages,Spam URL - Need to set this to 410 and request for removal via GSC
https://www.parcelmanagement.com/dp/f48283538,Indexed pages,Spam URL - Need to set this to 410 and request for removal via GSC
https://www.parcelmanagement.com/dp/f4848190,Indexed pages,Spam URL - Need to set this to 410 and request for removal via GSC
https://www.parcelmanagement.com/dp/f48620657,Not found (404),Spam URL - Need to set this to 410 and request for removal via GSC
https://www.parcelmanagement.com/dp/f4921738,Indexed pages,Spam URL - Need to set this to 410 and request for removal via GSC
https://www.parcelmanagement.com/dp/f51880282,Indexed pages,Spam URL - Need to set this to 410 and request for removal via GSC
https://www.parcelmanagement.com/dp/f52615779,Not found (404),Spam URL - Need to set this to 410 and request for removal via GSC
https://www.parcelmanagement.com/dp/f53859220,Not found (404),Spam URL - Need to set this to 410 and request for removal via GSC
https://www.parcelmanagement.com/dp/f55217098,Not found (404),Spam URL - Need to set this to 410 and request for removal via GSC
https://www.parcelmanagement.com/dp/f55601864,Not found (404),Spam URL - Need to set this to 410 and request for removal via GSC
https://www.parcelmanagement.com/dp/f55826435,Blocked by robots.txt,Spam URL - Need to set this to 410 and request for removal via GSC
https://www.parcelmanagement.com/dp/f56852713,Not found (404),Spam URL - Need to set this to 410 and request for removal via GSC
https://www.parcelmanagement.com/dp/f5749836,Indexed pages,Spam URL - Need to set this to 410 and request for removal via GSC
https://www.parcelmanagement.com/dp/f57647416,Not found (404),Spam URL - Need to set this to 410 and request for removal via GSC
https://www.parcelmanagement.com/dp/f58036415,Blocked by robots.txt,Spam URL - Need to set this to 410 and request for removal via GSC
https://www.parcelmanagement.com/dp/f62344120,Indexed pages,Spam URL - Need to set this to 410 and request for removal via GSC
https://www.parcelmanagement.com/dp/f64224550,Server error (5xx),Spam URL - Need to set this to 410 and request for removal via GSC
https://www.parcelmanagement.com/dp/f64506110,Server error (5xx),Spam URL - Need to set this to 410 and request for removal via GSC
https://www.parcelmanagement.com/dp/f64803372,Blocked by robots.txt,Spam URL - Need to set this to 410 and request for removal via GSC
https://www.parcelmanagement.com/dp/f65065546,Server error (5xx),Spam URL - Need to set this to 410 and request for removal via GSC
https://www.parcelmanagement.com/dp/f65350722,Server error (5xx),Spam URL - Need to set this to 410 and request for removal via GSC
https://www.parcelmanagement.com/dp/f66050862,Indexed pages,Spam URL - Need to set this to 410 and request for removal via GSC
https://www.parcelmanagement.com/dp/f66372422,Indexed pages,Spam URL - Need to set this to 410 and request for removal via GSC
https://www.parcelmanagement.com/dp/f67142510,Not found (404),Spam URL - Need to set this to 410 and request for removal via GSC
https://www.parcelmanagement.com/dp/f68300924,Indexed pages,Spam URL - Need to set this to 410 and request for removal via GSC
https://www.parcelmanagement.com/dp/f6879769,Blocked by robots.txt,Spam URL - Need to set this to 410 and request for removal via GSC
https://www.parcelmanagement.com/dp/f71994193,Blocked by robots.txt,Spam URL - Need to set this to 410 and request for removal via GSC
https://www.parcelmanagement.com/dp/f74011548,Blocked by robots.txt,Spam URL - Need to set this to 410 and request for removal via GSC
https://www.parcelmanagement.com/dp/f74351131,Not found (404),Spam URL - Need to set this to 410 and request for removal via GSC
https://www.parcelmanagement.com/dp/f7623021,Server error (5xx),Spam URL - Need to set this to 410 and request for removal via GSC
https://www.parcelmanagement.com/dp/f76846681,Not found (404),Spam URL - Need to set this to 410 and request for removal via GSC
https://www.parcelmanagement.com/dp/f77470744,Indexed pages,Spam URL - Need to set this to 410 and request for removal via GSC
https://www.parcelmanagement.com/dp/f77893137,Server error (5xx),Spam URL - Need to set this to 410 and request for removal via GSC
https://www.parcelmanagement.com/dp/f77911681,Indexed pages,Spam URL - Need to set this to 410 and request for removal via GSC
https://www.parcelmanagement.com/dp/f81459909,Blocked by robots.txt,Spam URL - Need to set this to 410 and request for removal via GSC
https://www.parcelmanagement.com/dp/f82945919,Blocked by robots.txt,Spam URL - Need to set this to 410 and request for removal via GSC
https://www.parcelmanagement.com/dp/f83796161,Indexed pages,Spam URL - Need to set this to 410 and request for removal via GSC
https://www.parcelmanagement.com/dp/f84487884,Blocked by robots.txt,Spam URL - Need to set this to 410 and request for removal via GSC
https://www.parcelmanagement.com/dp/f85380892,Blocked by robots.txt,Spam URL - Need to set this to 410 and request for removal via GSC
https://www.parcelmanagement.com/dp/f85743287,Server error (5xx),Spam URL - Need to set this to 410 and request for removal via GSC
https://www.parcelmanagement.com/dp/f85891410,Server error (5xx),Spam URL - Need to set this to 410 and request for removal via GSC
https://www.parcelmanagement.com/dp/f87195437,Blocked by robots.txt,Spam URL - Need to set this to 410 and request for removal via GSC
https://www.parcelmanagement.com/dp/f92272861,Not found (404),Spam URL - Need to set this to 410 and request for removal via GSC
https://www.parcelmanagement.com/dp/f93445106,Not found (404),Spam URL - Need to set this to 410 and request for removal via GSC
https://www.parcelmanagement.com/dp/f94158667,Indexed pages,Spam URL - Need to set this to 410 and request for removal via GSC
https://www.parcelmanagement.com/dp/f95062730,Indexed pages,Spam URL - Need to set this to 410 and request for removal via GSC
https://www.parcelmanagement.com/dp/f96399591,Indexed pages,Spam URL - Need to set this to 410 and request for removal via GSC
https://www.parcelmanagement.com/dp/f97839502,Indexed pages,Spam URL - Need to set this to 410 and request for removal via GSC
https://www.parcelmanagement.com/dp/fa855357,Indexed pages,Spam URL - Need to set this to 410 and request for removal via GSC
https://www.parcelmanagement.com/dp/fb5230495,Not found (404),Spam URL - Need to set this to 410 and request for removal via GSC
https://www.parcelmanagement.com/dp/fb6688395,Indexed pages,Spam URL - Need to set this to 410 and request for removal via GSC
https://www.parcelmanagement.com/dp/fc168581,Indexed pages,Spam URL - Need to set this to 410 and request for removal via GSC
https://www.parcelmanagement.com/dp/fc1711397,Indexed pages,Spam URL - Need to set this to 410 and request for removal via GSC
https://www.parcelmanagement.com/dp/fc5299878,Indexed pages,Spam URL - Need to set this to 410 and request for removal via GSC
https://www.parcelmanagement.com/dp/fc7158710,Indexed pages,Spam URL - Need to set this to 410 and request for removal via GSC
https://www.parcelmanagement.com/dp/fc7651672,Not found (404),Spam URL - Need to set this to 410 and request for removal via GSC
https://www.parcelmanagement.com/dp/fd4088498,Indexed pages,Spam URL - Need to set this to 410 and request for removal via GSC
https://www.parcelmanagement.com/dp/fd4271463,Indexed pages,Spam URL - Need to set this to 410 and request for removal via GSC
https://www.parcelmanagement.com/dp/fe2403309,Indexed pages,Spam URL - Need to set this to 410 and request for removal via GSC
https://www.parcelmanagement.com/dp/fe595498,Blocked by robots.txt,Spam URL - Need to set this to 410 and request for removal via GSC
https://www.parcelmanagement.com/dp/fe6698714,Indexed pages,Spam URL - Need to set this to 410 and request for removal via GSC
https://www.parcelmanagement.com/dp/ff292302,Not found (404),Spam URL - Need to set this to 410 and request for removal via GSC
https://www.parcelmanagement.com/dp/ff3690177,Not found (404),Spam URL - Need to set this to 410 and request for removal via GSC
https://www.parcelmanagement.com/dp/ff5660488,Indexed pages,Spam URL - Need to set this to 410 and request for removal via GSC
https://www.parcelmanagement.com/dp/ff8329608,Not found (404),Spam URL - Need to set this to 410 and request for removal via GSC
https://www.parcelmanagement.com/freshbet-casino-ein-ehrlicher-test-zur-spielergemeinschaft,Not found (404),Spam URL - Need to set this to 410 and request for removal via GSC
https://www.parcelmanagement.com/guia-de-seguridad-para-jugar-en-casino-monticello-online/,Not found (404),Spam URL - Need to set this to 410 and request for removal via GSC
https://www.parcelmanagement.com/liraspin-casino-vincite-rapide-e-slot-ad-alta-intensita-per-gioco-veloce/,Crawled - currently not indexed,Spam URL - Need to set this to 410 and request for removal via GSC
https://www.parcelmanagement.com/mafia-casino-recenzja-quick-hit-gaming-dla-nowoczesnego-gracza/,Blocked by robots.txt,Spam URL - Need to set this to 410 and request for removal via GSC
https://www.parcelmanagement.com/praktische-tipps-fur-die-nutzung-von-turbo-winz-casino/,Alternate page with proper canonical tag,Spam URL - Need to set this to 410 and request for removal via GSC
https://www.parcelmanagement.com/shop/customer/menu,Blocked by robots.txt,Spam URL - Need to set this to 410 and request for removal via GSC
https://www.parcelmanagement.com/shop/e/e009001036001/,Indexed pages,Spam URL - Need to set this to 410 and request for removal via GSC
https://www.parcelmanagement.com/shop/pg/1005024086,Not found (404),Spam URL - Need to set this to 410 and request for removal via GSC
https://www.parcelmanagement.com/shop/pg/1005024240/,Indexed pages,Spam URL - Need to set this to 410 and request for removal via GSC
https://www.parcelmanagement.com/shop/pg/1AgreementInfo/,Not found (404),Spam URL - Need to set this to 410 and request for removal via GSC
https://www.parcelmanagement.com/tipps-zur-erfolgreichen-einzahlung-im-nv-casino,Not found (404),Spam URL - Need to set this to 410 and request for removal via GSC
https://www.parcelmanagement.com/warum-arena-casino-auf-social-media-beliebt-ist,Server error (5xx),Spam URL - Need to set this to 410 and request for removal via GSC
https://www.parcelmanagement.com/wie-konnen-gewinne-im-realz-casino-maximiert-werden,Not found (404),Spam URL - Need to set this to 410 and request for removal via GSC
https://www.parcelmanagement.com/winrolla-casino-die-vor-und-nachteile-aus-spielersicht,Not found (404),Spam URL - Need to set this to 410 and request for removal via GSC
https://www.parcelmanagement.com/category/news-articles/page/6/,Alternate page with proper canonical tag,
https://www.parcelmanagement.com/contents/reform/,Alternate page with proper canonical tag,
https://www.parcelmanagement.com/pw,Not found (404),
https://www.parcelmanagement.com/pw/,Not found (404),
https://www.parcelmanagement.com/reserve/tool,Not found (404),
https://www.parcelmanagement.com/reserve/tool/,Not found (404),
https://www.parcelmanagement.com/7-proven-tips-for-freight-optimization-and-parcel-management,Page with redirect,
https://www.parcelmanagement.com/8-common-parcel-rate-negotiation-mistakes-and-how-to-avoid-them,Page with redirect,
https://www.parcelmanagement.com/a-guide-to-freight-consulting-for-modern-businesses,Page with redirect,
https://www.parcelmanagement.com/about,Page with redirect,
https://www.parcelmanagement.com/about-old-bak/compliance/,Crawled - currently not indexed,
https://www.parcelmanagement.com/about-old-bak/our-people/,Crawled - currently not indexed,
https://www.parcelmanagement.com/about-old-bak/our-philisophy/,Crawled - currently not indexed,
https://www.parcelmanagement.com/about/our-people,Crawled - currently not indexed,
https://www.parcelmanagement.com/about/our-philisophy,Page with redirect,
https://www.parcelmanagement.com/category/news-articles,Page with redirect,
https://www.parcelmanagement.com/contact,Page with redirect,
https://www.parcelmanagement.com/freight-audit-software-a-solution-for-simpler-shipping-invoices,Page with redirect,
https://www.parcelmanagement.com/freight-logistics-software-development-services,Page with redirect,
https://www.parcelmanagement.com/freight-trends-analysis,Page with redirect,
https://www.parcelmanagement.com/how-parcel-invoice-auditing-can-increase-profit-margins,Page with redirect,
https://www.parcelmanagement.com/how-to-choose-the-best-third-party-logistics-consultant-for-your-business,Page with redirect,
https://www.parcelmanagement.com/index.php,Server error (5xx),
https://www.parcelmanagement.com/index.php?dp/087329725,Server error (5xx),
https://www.parcelmanagement.com/index.php?dp/235324433,Indexed pages,
https://www.parcelmanagement.com/index.php?dp/413252551,Crawled - currently not indexed,
https://www.parcelmanagement.com/parcel-audit-the-key-to-smarter-shipping-costs,Page with redirect,
https://www.parcelmanagement.com/parcel-management-services/software-solutions/,Crawled - currently not indexed,
https://www.parcelmanagement.com/pmac-2011-freight-trends-rate-analysis,Page with redirect,
https://www.parcelmanagement.com/pmac-2025-freight-trends-rate-analysis,Page with redirect,
https://www.parcelmanagement.com/rate-shopping-api,Page with redirect,
https://www.parcelmanagement.com/services,Page with redirect,
https://www.parcelmanagement.com/services/advanced-distressed-package-notification,Page with redirect,
https://www.parcelmanagement.com/services/analysis-consulting-services,Crawled - currently not indexed,
https://www.parcelmanagement.com/services/ltl-auditing-services-and-discounted-rates,Page with redirect,
https://www.parcelmanagement.com/services/parcel-audit-services,Page with redirect,
https://www.parcelmanagement.com/shipping-analysis/,Crawled - currently not indexed,
https://www.parcelmanagement.com/shipping-fraud-detection-software-solutions,Page with redirect,
https://www.parcelmanagement.com/site-map,Page with redirect,
https://www.parcelmanagement.com/understanding-the-different-types-of-freight-surcharge,Page with redirect,
https://www.parcelmanagement.com/what-parcel-audit-services-offer-shippers,Page with redirect,
https://www.parcelmanagement.com/what-you-need-to-know-about-freight-post-audit,Page with redirect,
https://www.parcelmanagement.com/,Indexed pages,
https://www.parcelmanagement.com/12-strategies-for-effective-parcel-contract-negotiation/,Indexed pages,
https://www.parcelmanagement.com/7-proven-tips-for-freight-optimization-and-parcel-management/,Indexed pages,
https://www.parcelmanagement.com/8-common-parcel-rate-negotiation-mistakes-and-how-to-avoid-them/,Indexed pages,
https://www.parcelmanagement.com/a-guide-to-freight-consulting-for-modern-businesses/,Indexed pages,
https://www.parcelmanagement.com/a-slant-on-carrier-rates-for-2008/,Discovered - currently not indexed,
https://www.parcelmanagement.com/about/,Indexed pages,
https://www.parcelmanagement.com/about/compliance/,Indexed pages,
https://www.parcelmanagement.com/about/our-people/,Indexed pages,
https://www.parcelmanagement.com/about/our-philisophy/,Indexed pages,
https://www.parcelmanagement.com/category/news-articles/,Indexed pages,
https://www.parcelmanagement.com/contact/,Indexed pages,
https://www.parcelmanagement.com/freight-audit-software-a-solution-for-simpler-shipping-invoices/,Indexed pages,
https://www.parcelmanagement.com/freight-invoice-management-best-practices-to-validate-your-solutions/,Indexed pages,
https://www.parcelmanagement.com/freight-logistics-software-development-services/,Indexed pages,
https://www.parcelmanagement.com/freight-trends-analysis/,Indexed pages,
https://www.parcelmanagement.com/how-parcel-analytics-improves-shipping-decisions-and-performance/,Indexed pages,
https://www.parcelmanagement.com/how-parcel-invoice-auditing-can-increase-profit-margins/,Indexed pages,
https://www.parcelmanagement.com/how-to-choose-the-best-third-party-logistics-consultant-for-your-business/,Indexed pages,
https://www.parcelmanagement.com/parcel-audit-the-key-to-smarter-shipping-costs/,Indexed pages,
https://www.parcelmanagement.com/pmac-2011-freight-trends-rate-analysis/,Indexed pages,
https://www.parcelmanagement.com/pmac-2015-freight-trends-rate-analysis/,Discovered - currently not indexed,
https://www.parcelmanagement.com/pmac-2025-freight-trends-rate-analysis/,Indexed pages,
https://www.parcelmanagement.com/portfolio-item/case-study-2/,Excluded by ‘noindex’ tag,
https://www.parcelmanagement.com/rate-shopping-api/,Indexed pages,
https://www.parcelmanagement.com/services/,Indexed pages,
https://www.parcelmanagement.com/services/advanced-distressed-package-notification/,Indexed pages,
https://www.parcelmanagement.com/services/analysis-consulting-services/,Indexed pages,
https://www.parcelmanagement.com/services/carrier-sla-validation-services/,Indexed pages,
https://www.parcelmanagement.com/services/ltl-auditing-services-and-discounted-rates/,Indexed pages,
https://www.parcelmanagement.com/services/parcel-audit-services/,Indexed pages,
https://www.parcelmanagement.com/services/parcel-audit-services//,Page with redirect,
https://www.parcelmanagement.com/services/rebate-verification-for-shipping-carriers/,Indexed pages,
https://www.parcelmanagement.com/shipping-fraud-detection-software-solutions/,Indexed pages,
https://www.parcelmanagement.com/site-map/,Indexed pages,
https://www.parcelmanagement.com/the-power-of-shipping-analytics-in-todays-industry/,Indexed pages,
https://www.parcelmanagement.com/understanding-the-different-types-of-freight-surcharge/,Indexed pages,
https://www.parcelmanagement.com/what-parcel-audit-services-offer-shippers/,Indexed pages,
https://www.parcelmanagement.com/what-you-need-to-know-about-freight-post-audit/,Indexed pages,
https://www.parcelmanagement.com/wp-content/uploads/2011/02/2012-Freight-Trends.pdf,Indexed pages,
https://www.parcelmanagement.com/wp-content/uploads/2017/02/PMAC-2015-Freight-Trends.pdf,Crawled - currently not indexed,
https://www.parcelmanagement.com/wp-content/uploads/2021/12/PMAC-2022-Freight-Trends.pdf,Crawled - currently not indexed,
https://www.parcelmanagement.com/wp-content/uploads/2026/03/Freight_Trends_2026.pdf,Crawled - currently not indexed,
https://www.parcelmanagement.com/wp-json/,Crawled - currently not indexed,